epoch,accuracy,categorical_crossentropy,loss,lr,val_accuracy,val_categorical_crossentropy,val_loss
0,0.125,1.3940931558609009,1.3940931558609009,0.001,0.375,1.427977442741394,1.427977442741394
1,0.625,1.0265916585922241,1.0265916585922241,0.001,0.4318181872367859,1.1925348043441772,1.1925348043441772
2,0.75,0.670732319355011,0.670732319355011,0.001,0.6022727489471436,0.8934721350669861,0.8934721350669861
3,0.875,0.3829856216907501,0.3829856216907501,0.001,0.7613636255264282,0.6137680411338806,0.6137680411338806
4,0.9583333134651184,0.15327225625514984,0.15327225625514984,0.001,0.8409090638160706,0.5504975914955139,0.5504975914955139
5,1.0,0.033211275935173035,0.033211275935173035,0.001,0.8409090638160706,0.6837529540061951,0.6837529540061951
6,1.0,0.013241556473076344,0.013241556473076344,0.001,0.8295454382896423,0.8887092471122742,0.8887092471122742
7,1.0,0.011160813271999359,0.011160813271999359,0.001,0.8295454382896423,1.0778346061706543,1.0778346061706543
8,1.0,0.0013985243858769536,0.0013985243858769536,0.001,0.8409090638160706,1.2763848304748535,1.2763848304748535
9,1.0,0.00042779537034220994,0.00042779537034220994,0.001,0.8522727489471436,1.4830361604690552,1.4830361604690552
10,1.0,0.0001530129084130749,0.0001530129084130749,0.001,0.8522727489471436,1.6939983367919922,1.6939983367919922
11,1.0,2.567881892900914e-05,2.567881892900914e-05,0.001,0.8522727489471436,1.9070037603378296,1.9070037603378296
12,1.0,2.5381293653481407e-06,2.5381293653481407e-06,0.001,0.8522727489471436,2.118908166885376,2.118908166885376
13,1.0,4.6390218813030515e-06,4.6390218813030515e-06,0.001,0.8522727489471436,2.326638698577881,2.326638698577881
14,1.0,2.1358293622597557e-07,2.1358293622597557e-07,0.001,0.8636363744735718,2.528470277786255,2.528470277786255
15,1.0,1.291432027983319e-07,1.291432027983319e-07,0.001,0.8636363744735718,2.7229111194610596,2.7229111194610596
16,1.0,1.142421695021767e-07,1.142421695021767e-07,0.001,0.8636363744735718,2.908998489379883,2.908998489379883
17,1.0,2.4835266287936975e-08,2.4835266287936975e-08,0.001,0.8636363744735718,3.0863099098205566,3.0863099098205566
18,1.0,9.934100120290168e-08,9.934100120290168e-08,0.001,0.8636363744735718,3.2543587684631348,3.2543587684631348
19,1.0,4.967053435223079e-09,4.967053435223079e-09,0.001,0.8636363744735718,3.413102149963379,3.413102149963379
20,1.0,1.4901158529312397e-08,1.4901158529312397e-08,0.001,0.8636363744735718,3.5623204708099365,3.5623204708099365
21,1.0,0.0,0.0,0.001,0.8636363744735718,3.7020950317382812,3.7020950317382812
22,1.0,0.0,0.0,0.001,0.8636363744735718,3.832949161529541,3.832949161529541
23,1.0,4.967053435223079e-09,4.967053435223079e-09,0.001,0.8636363744735718,3.95485520362854,3.95485520362854
24,1.0,0.0,0.0,0.001,0.8636363744735718,4.068387031555176,4.068387031555176
25,1.0,0.0,0.0,0.001,0.8636363744735718,4.173780918121338,4.173780918121338
26,1.0,0.0,0.0,0.001,0.8636363744735718,4.271534442901611,4.271534442901611
27,1.0,0.0,0.0,0.001,0.8636363744735718,4.361833095550537,4.361833095550537
28,1.0,0.0,0.0,0.001,0.8636363744735718,4.4454874992370605,4.4454874992370605
29,1.0,0.0,0.0,0.001,0.8636363744735718,4.5225725173950195,4.5225725173950195
30,1.0,0.0,0.0,0.001,0.8636363744735718,4.5936431884765625,4.5936431884765625
31,1.0,0.0,0.0,0.001,0.8636363744735718,4.659119606018066,4.659119606018066
32,1.0,0.0,0.0,0.001,0.8636363744735718,4.71940803527832,4.71940803527832
33,1.0,0.0,0.0,0.001,0.8636363744735718,4.774764060974121,4.774764060974121
34,1.0,0.0,0.0,0.001,0.8636363744735718,4.8254714012146,4.8254714012146
35,1.0,0.0,0.0,0.001,0.8636363744735718,4.872032165527344,4.872032165527344
36,1.0,0.0,0.0,0.001,0.8636363744735718,4.914813041687012,4.914813041687012
37,1.0,0.0,0.0,0.001,0.8636363744735718,4.953856468200684,4.953856468200684
38,1.0,0.0,0.0,0.001,0.8636363744735718,4.989642143249512,4.989642143249512
39,1.0,0.0,0.0,0.001,0.8636363744735718,5.022284030914307,5.022284030914307
40,1.0,0.0,0.0,0.001,0.8636363744735718,5.052402973175049,5.052402973175049
41,1.0,0.0,0.0,0.001,0.8636363744735718,5.079652786254883,5.079652786254883
42,1.0,0.0,0.0,0.001,0.8636363744735718,5.104741096496582,5.104741096496582
43,1.0,0.0,0.0,0.001,0.8636363744735718,5.127328395843506,5.127328395843506
44,1.0,0.0,0.0,0.001,0.8636363744735718,5.148225784301758,5.148225784301758
45,1.0,0.0,0.0,0.001,0.8636363744735718,5.167135715484619,5.167135715484619
46,1.0,0.0,0.0,0.001,0.8636363744735718,5.184349060058594,5.184349060058594
47,1.0,0.0,0.0,0.001,0.8636363744735718,5.200127124786377,5.200127124786377
48,1.0,0.0,0.0,0.001,0.8636363744735718,5.214394569396973,5.214394569396973
49,1.0,0.0,0.0,0.001,0.8636363744735718,5.227469444274902,5.227469444274902
50,1.0,0.0,0.0,0.001,0.8636363744735718,5.2392497062683105,5.2392497062683105
51,1.0,0.0,0.0,0.001,0.8636363744735718,5.250005722045898,5.250005722045898
52,1.0,0.0,0.0,0.001,0.8636363744735718,5.26001501083374,5.26001501083374
53,1.0,0.0,0.0,0.001,0.8636363744735718,5.269029140472412,5.269029140472412
54,1.0,0.0,0.0,0.001,0.8636363744735718,5.277040481567383,5.277040481567383
55,1.0,0.0,0.0,0.0005,0.8636363744735718,5.280698299407959,5.280698299407959
56,1.0,0.0,0.0,0.0005,0.8636363744735718,5.284041404724121,5.284041404724121
57,1.0,0.0,0.0,0.0005,0.8636363744735718,5.287229537963867,5.287229537963867
58,1.0,0.0,0.0,0.0005,0.8636363744735718,5.289974689483643,5.289974689483643
59,1.0,0.0,0.0,0.0005,0.8636363744735718,5.292270183563232,5.292270183563232
60,1.0,0.0,0.0,0.0005,0.8636363744735718,5.294683933258057,5.294683933258057
61,1.0,0.0,0.0,0.0005,0.8636363744735718,5.296615123748779,5.296615123748779
62,1.0,0.0,0.0,0.0005,0.8636363744735718,5.298450946807861,5.298450946807861
63,1.0,0.0,0.0,0.0005,0.8636363744735718,5.300261974334717,5.300261974334717
64,1.0,0.0,0.0,0.0005,0.8636363744735718,5.30175256729126,5.30175256729126
65,1.0,0.0,0.0,0.0005,0.8636363744735718,5.303188323974609,5.303188323974609
66,1.0,0.0,0.0,0.0005,0.8636363744735718,5.304443836212158,5.304443836212158
67,1.0,0.0,0.0,0.0005,0.8636363744735718,5.305691242218018,5.305691242218018
68,1.0,0.0,0.0,0.0005,0.8636363744735718,5.306745529174805,5.306745529174805
69,1.0,0.0,0.0,0.0005,0.8636363744735718,5.307638645172119,5.307638645172119
70,1.0,0.0,0.0,0.0005,0.8636363744735718,5.308472156524658,5.308472156524658
71,1.0,0.0,0.0,0.0005,0.8636363744735718,5.309311389923096,5.309311389923096
72,1.0,0.0,0.0,0.0005,0.8636363744735718,5.310022354125977,5.310022354125977
73,1.0,0.0,0.0,0.0005,0.8636363744735718,5.310766696929932,5.310766696929932
74,1.0,0.0,0.0,0.0005,0.8636363744735718,5.311334609985352,5.311334609985352
75,1.0,0.0,0.0,0.0005,0.8636363744735718,5.311899185180664,5.311899185180664
76,1.0,0.0,0.0,0.0005,0.8636363744735718,5.312301158905029,5.312301158905029
77,1.0,0.0,0.0,0.0005,0.8636363744735718,5.312791347503662,5.312791347503662
78,1.0,0.0,0.0,0.0005,0.8636363744735718,5.313118934631348,5.313118934631348
79,1.0,0.0,0.0,0.0005,0.8636363744735718,5.313457012176514,5.313457012176514
80,1.0,0.0,0.0,0.0005,0.8636363744735718,5.313778877258301,5.313778877258301
81,1.0,0.0,0.0,0.0005,0.8636363744735718,5.314033031463623,5.314033031463623
82,1.0,0.0,0.0,0.0005,0.8636363744735718,5.3142571449279785,5.3142571449279785
83,1.0,0.0,0.0,0.0005,0.8636363744735718,5.314535140991211,5.314535140991211
84,1.0,0.0,0.0,0.0005,0.8636363744735718,5.314772605895996,5.314772605895996
85,1.0,0.0,0.0,0.0005,0.8636363744735718,5.314920902252197,5.314920902252197
86,1.0,0.0,0.0,0.0005,0.8636363744735718,5.315179824829102,5.315179824829102
87,1.0,0.0,0.0,0.0005,0.8636363744735718,5.3152923583984375,5.3152923583984375
88,1.0,0.0,0.0,0.0005,0.8636363744735718,5.315462112426758,5.315462112426758
89,1.0,0.0,0.0,0.0005,0.8636363744735718,5.315596103668213,5.315596103668213
90,1.0,0.0,0.0,0.0005,0.8636363744735718,5.315755844116211,5.315755844116211
91,1.0,0.0,0.0,0.0005,0.8636363744735718,5.315878868103027,5.315878868103027
92,1.0,4.967053435223079e-09,4.967053435223079e-09,0.0005,0.8636363744735718,5.315974712371826,5.315974712371826
93,1.0,0.0,0.0,0.0005,0.8636363744735718,5.316045761108398,5.316045761108398
94,1.0,0.0,0.0,0.0005,0.8636363744735718,5.316102981567383,5.316102981567383
95,1.0,0.0,0.0,0.0005,0.8636363744735718,5.316171646118164,5.316171646118164
96,1.0,0.0,0.0,0.0005,0.8636363744735718,5.316226005554199,5.316226005554199
97,1.0,0.0,0.0,0.0005,0.8636363744735718,5.316308975219727,5.316308975219727
98,1.0,0.0,0.0,0.0005,0.8636363744735718,5.316373348236084,5.316373348236084
99,1.0,0.0,0.0,0.0005,0.8636363744735718,5.316422939300537,5.316422939300537
100,1.0,0.0,0.0,0.0005,0.8636363744735718,5.316469669342041,5.316469669342041
101,1.0,0.0,0.0,0.0005,0.8636363744735718,5.31646728515625,5.31646728515625
102,1.0,0.0,0.0,0.0005,0.8636363744735718,5.316484451293945,5.316484451293945
103,1.0,0.0,0.0,0.0005,0.8636363744735718,5.316516399383545,5.316516399383545
104,1.0,0.0,0.0,0.0005,0.8636363744735718,5.316566467285156,5.316566467285156
105,1.0,0.0,0.0,0.00025,0.8636363744735718,5.316586017608643,5.316586017608643
106,1.0,0.0,0.0,0.00025,0.8636363744735718,5.316591262817383,5.316591262817383
107,1.0,0.0,0.0,0.00025,0.8636363744735718,5.316607475280762,5.316607475280762
108,1.0,0.0,0.0,0.00025,0.8636363744735718,5.316628456115723,5.316628456115723
109,1.0,0.0,0.0,0.00025,0.8636363744735718,5.316627025604248,5.316627025604248
110,1.0,0.0,0.0,0.00025,0.8636363744735718,5.3166327476501465,5.3166327476501465
111,1.0,0.0,0.0,0.00025,0.8636363744735718,5.316641807556152,5.316641807556152
112,1.0,0.0,0.0,0.00025,0.8636363744735718,5.316658020019531,5.316658020019531
113,1.0,0.0,0.0,0.00025,0.8636363744735718,5.316673278808594,5.316673278808594
114,1.0,0.0,0.0,0.00025,0.8636363744735718,5.316672325134277,5.316672325134277
115,1.0,0.0,0.0,0.00025,0.8636363744735718,5.316676616668701,5.316676616668701
116,1.0,0.0,0.0,0.00025,0.8636363744735718,5.316689968109131,5.316689968109131
117,1.0,0.0,0.0,0.00025,0.8636363744735718,5.3166913986206055,5.3166913986206055
118,1.0,0.0,0.0,0.00025,0.8636363744735718,5.31669282913208,5.31669282913208
119,1.0,0.0,0.0,0.00025,0.8636363744735718,5.316694736480713,5.316694736480713
120,1.0,0.0,0.0,0.00025,0.8636363744735718,5.316696643829346,5.316696643829346
121,1.0,0.0,0.0,0.00025,0.8636363744735718,5.316697597503662,5.316697597503662
122,1.0,0.0,0.0,0.00025,0.8636363744735718,5.316696643829346,5.316696643829346
123,1.0,4.967053435223079e-09,4.967053435223079e-09,0.00025,0.8636363744735718,5.3167009353637695,5.3167009353637695
124,1.0,0.0,0.0,0.00025,0.8636363744735718,5.3167009353637695,5.3167009353637695
125,1.0,0.0,0.0,0.00025,0.8636363744735718,5.3167009353637695,5.3167009353637695
126,1.0,0.0,0.0,0.00025,0.8636363744735718,5.316701889038086,5.316701889038086
127,1.0,0.0,0.0,0.00025,0.8636363744735718,5.316702365875244,5.316702365875244
128,1.0,0.0,0.0,0.00025,0.8636363744735718,5.3167033195495605,5.3167033195495605
129,1.0,0.0,0.0,0.00025,0.8636363744735718,5.316705226898193,5.316705226898193
130,1.0,0.0,0.0,0.00025,0.8636363744735718,5.316705703735352,5.316705703735352
131,1.0,0.0,0.0,0.00025,0.8636363744735718,5.316704273223877,5.316704273223877
132,1.0,0.0,0.0,0.00025,0.8636363744735718,5.316704273223877,5.316704273223877
133,1.0,0.0,0.0,0.00025,0.8636363744735718,5.316703796386719,5.316703796386719
134,1.0,0.0,0.0,0.00025,0.8636363744735718,5.316702842712402,5.316702842712402
135,1.0,0.0,0.0,0.00025,0.8636363744735718,5.3167033195495605,5.3167033195495605
136,1.0,0.0,0.0,0.00025,0.8636363744735718,5.3167033195495605,5.3167033195495605
137,1.0,0.0,0.0,0.00025,0.8636363744735718,5.316703796386719,5.316703796386719
138,1.0,0.0,0.0,0.00025,0.8636363744735718,5.3167033195495605,5.3167033195495605
139,1.0,0.0,0.0,0.00025,0.8636363744735718,5.316704273223877,5.316704273223877
140,1.0,0.0,0.0,0.00025,0.8636363744735718,5.316703796386719,5.316703796386719
141,1.0,0.0,0.0,0.00025,0.8636363744735718,5.316704273223877,5.316704273223877
142,1.0,0.0,0.0,0.00025,0.8636363744735718,5.316704273223877,5.316704273223877
143,1.0,0.0,0.0,0.00025,0.8636363744735718,5.316703796386719,5.316703796386719
144,1.0,0.0,0.0,0.00025,0.8636363744735718,5.3167033195495605,5.3167033195495605
145,1.0,0.0,0.0,0.00025,0.8636363744735718,5.3167033195495605,5.3167033195495605
146,1.0,0.0,0.0,0.00025,0.8636363744735718,5.3167033195495605,5.3167033195495605
147,1.0,0.0,0.0,0.00025,0.8636363744735718,5.3167033195495605,5.3167033195495605
148,1.0,0.0,0.0,0.00025,0.8636363744735718,5.3167033195495605,5.3167033195495605
149,1.0,0.0,0.0,0.00025,0.8636363744735718,5.3167033195495605,5.3167033195495605
150,1.0,0.0,0.0,0.00025,0.8636363744735718,5.3167033195495605,5.3167033195495605
151,1.0,0.0,0.0,0.00025,0.8636363744735718,5.3167033195495605,5.3167033195495605
152,1.0,0.0,0.0,0.00025,0.8636363744735718,5.3167033195495605,5.3167033195495605
153,1.0,0.0,0.0,0.00025,0.8636363744735718,5.3167033195495605,5.3167033195495605
154,1.0,0.0,0.0,0.00025,0.8636363744735718,5.3167033195495605,5.3167033195495605
155,1.0,0.0,0.0,0.000125,0.8636363744735718,5.3167033195495605,5.3167033195495605
156,1.0,0.0,0.0,0.000125,0.8636363744735718,5.3167033195495605,5.3167033195495605
157,1.0,0.0,0.0,0.000125,0.8636363744735718,5.3167033195495605,5.3167033195495605
158,1.0,0.0,0.0,0.000125,0.8636363744735718,5.3167033195495605,5.3167033195495605
159,1.0,0.0,0.0,0.000125,0.8636363744735718,5.3167033195495605,5.3167033195495605
160,1.0,0.0,0.0,0.000125,0.8636363744735718,5.3167033195495605,5.3167033195495605
161,1.0,0.0,0.0,0.000125,0.8636363744735718,5.3167033195495605,5.3167033195495605
162,1.0,0.0,0.0,0.000125,0.8636363744735718,5.3167033195495605,5.3167033195495605
163,1.0,0.0,0.0,0.000125,0.8636363744735718,5.3167033195495605,5.3167033195495605
164,1.0,0.0,0.0,0.000125,0.8636363744735718,5.3167033195495605,5.3167033195495605
165,1.0,0.0,0.0,0.000125,0.8636363744735718,5.3167033195495605,5.3167033195495605
166,1.0,0.0,0.0,0.000125,0.8636363744735718,5.3167033195495605,5.3167033195495605
167,1.0,0.0,0.0,0.000125,0.8636363744735718,5.3167033195495605,5.3167033195495605
168,1.0,0.0,0.0,0.000125,0.8636363744735718,5.3167033195495605,5.3167033195495605
169,1.0,0.0,0.0,0.000125,0.8636363744735718,5.3167033195495605,5.3167033195495605
170,1.0,0.0,0.0,0.000125,0.8636363744735718,5.3167033195495605,5.3167033195495605
171,1.0,0.0,0.0,0.000125,0.8636363744735718,5.3167033195495605,5.3167033195495605
172,1.0,0.0,0.0,0.000125,0.8636363744735718,5.3167033195495605,5.3167033195495605
173,1.0,0.0,0.0,0.000125,0.8636363744735718,5.3167033195495605,5.3167033195495605
174,1.0,0.0,0.0,0.000125,0.8636363744735718,5.3167033195495605,5.3167033195495605
175,1.0,0.0,0.0,0.000125,0.8636363744735718,5.3167033195495605,5.3167033195495605
176,1.0,0.0,0.0,0.000125,0.8636363744735718,5.3167033195495605,5.3167033195495605
177,1.0,0.0,0.0,0.000125,0.8636363744735718,5.3167033195495605,5.3167033195495605
178,1.0,0.0,0.0,0.000125,0.8636363744735718,5.3167033195495605,5.3167033195495605
179,1.0,0.0,0.0,0.000125,0.8636363744735718,5.3167033195495605,5.3167033195495605
180,1.0,0.0,0.0,0.000125,0.8636363744735718,5.3167033195495605,5.3167033195495605
181,1.0,0.0,0.0,0.000125,0.8636363744735718,5.3167033195495605,5.3167033195495605
182,1.0,0.0,0.0,0.000125,0.8636363744735718,5.3167033195495605,5.3167033195495605
183,1.0,0.0,0.0,0.000125,0.8636363744735718,5.3167033195495605,5.3167033195495605
184,1.0,0.0,0.0,0.000125,0.8636363744735718,5.3167033195495605,5.3167033195495605
185,1.0,0.0,0.0,0.000125,0.8636363744735718,5.3167033195495605,5.3167033195495605
186,1.0,0.0,0.0,0.000125,0.8636363744735718,5.3167033195495605,5.3167033195495605
187,1.0,4.967053435223079e-09,4.967053435223079e-09,0.000125,0.8636363744735718,5.3167033195495605,5.3167033195495605
188,1.0,0.0,0.0,0.000125,0.8636363744735718,5.3167033195495605,5.3167033195495605
189,1.0,0.0,0.0,0.000125,0.8636363744735718,5.316702842712402,5.316702842712402
190,1.0,0.0,0.0,0.000125,0.8636363744735718,5.316702842712402,5.316702842712402
191,1.0,0.0,0.0,0.000125,0.8636363744735718,5.316702842712402,5.316702842712402
192,1.0,0.0,0.0,0.000125,0.8636363744735718,5.316702365875244,5.316702365875244
193,1.0,0.0,0.0,0.000125,0.8636363744735718,5.316702365875244,5.316702365875244
194,1.0,0.0,0.0,0.000125,0.8636363744735718,5.316702365875244,5.316702365875244
195,1.0,0.0,0.0,0.000125,0.8636363744735718,5.316702365875244,5.316702365875244
196,1.0,0.0,0.0,0.000125,0.8636363744735718,5.316702365875244,5.316702365875244
197,1.0,0.0,0.0,0.000125,0.8636363744735718,5.316702365875244,5.316702365875244
198,1.0,0.0,0.0,0.000125,0.8636363744735718,5.316702365875244,5.316702365875244
199,1.0,0.0,0.0,0.000125,0.8636363744735718,5.316702365875244,5.316702365875244
200,1.0,0.0,0.0,0.000125,0.8636363744735718,5.316702365875244,5.316702365875244
201,1.0,0.0,0.0,0.000125,0.8636363744735718,5.316702365875244,5.316702365875244
202,1.0,0.0,0.0,0.000125,0.8636363744735718,5.316702365875244,5.316702365875244
203,1.0,0.0,0.0,0.000125,0.8636363744735718,5.316702365875244,5.316702365875244
204,1.0,0.0,0.0,0.000125,0.8636363744735718,5.316701889038086,5.316701889038086
205,1.0,0.0,0.0,1e-04,0.8636363744735718,5.316701889038086,5.316701889038086
206,1.0,0.0,0.0,1e-04,0.8636363744735718,5.316701889038086,5.316701889038086
207,1.0,0.0,0.0,1e-04,0.8636363744735718,5.316701889038086,5.316701889038086
208,1.0,0.0,0.0,1e-04,0.8636363744735718,5.316701889038086,5.316701889038086
209,1.0,0.0,0.0,1e-04,0.8636363744735718,5.316701889038086,5.316701889038086
210,1.0,0.0,0.0,1e-04,0.8636363744735718,5.316701889038086,5.316701889038086
211,1.0,0.0,0.0,1e-04,0.8636363744735718,5.316701889038086,5.316701889038086
212,1.0,0.0,0.0,1e-04,0.8636363744735718,5.316701889038086,5.316701889038086
213,1.0,0.0,0.0,1e-04,0.8636363744735718,5.316701889038086,5.316701889038086
214,1.0,0.0,0.0,1e-04,0.8636363744735718,5.316701889038086,5.316701889038086
215,1.0,0.0,0.0,1e-04,0.8636363744735718,5.316701889038086,5.316701889038086
216,1.0,0.0,0.0,1e-04,0.8636363744735718,5.316701889038086,5.316701889038086
217,1.0,0.0,0.0,1e-04,0.8636363744735718,5.316701889038086,5.316701889038086
218,1.0,0.0,0.0,1e-04,0.8636363744735718,5.316701889038086,5.316701889038086
219,1.0,0.0,0.0,1e-04,0.8636363744735718,5.316701889038086,5.316701889038086
220,1.0,3.675603466035682e-07,3.675603466035682e-07,1e-04,0.8636363744735718,5.3166937828063965,5.3166937828063965
221,1.0,0.0,0.0,1e-04,0.8636363744735718,5.316694736480713,5.316694736480713
222,1.0,0.0,0.0,1e-04,0.8636363744735718,5.316683769226074,5.316683769226074
223,1.0,0.0,0.0,1e-04,0.8636363744735718,5.316678524017334,5.316678524017334
224,1.0,0.0,0.0,1e-04,0.8636363744735718,5.3166728019714355,5.3166728019714355
225,1.0,0.0,0.0,1e-04,0.8636363744735718,5.316665172576904,5.316665172576904
226,1.0,0.0,0.0,1e-04,0.8636363744735718,5.316659927368164,5.316659927368164
227,1.0,0.0,0.0,1e-04,0.8636363744735718,5.31665563583374,5.31665563583374
228,1.0,0.0,0.0,1e-04,0.8636363744735718,5.316651821136475,5.316651821136475
229,1.0,0.0,0.0,1e-04,0.8636363744735718,5.316648006439209,5.316648006439209
230,1.0,0.0,0.0,1e-04,0.8636363744735718,5.316647529602051,5.316647529602051
231,1.0,0.0,0.0,1e-04,0.8636363744735718,5.316645622253418,5.316645622253418
232,1.0,0.0,0.0,1e-04,0.8636363744735718,5.316641330718994,5.316641330718994
233,1.0,0.0,0.0,1e-04,0.8636363744735718,5.316638469696045,5.316638469696045
234,1.0,9.934095857033753e-08,9.934095857033753e-08,1e-04,0.8636363744735718,5.316633224487305,5.316633224487305
235,1.0,0.0,0.0,1e-04,0.8636363744735718,5.316633224487305,5.316633224487305
236,1.0,0.0,0.0,1e-04,0.8636363744735718,5.316629409790039,5.316629409790039
237,1.0,0.0,0.0,1e-04,0.8636363744735718,5.316601276397705,5.316601276397705
238,1.0,0.0,0.0,1e-04,0.8636363744735718,5.316598892211914,5.316598892211914
239,1.0,0.0,0.0,1e-04,0.8636363744735718,5.316596984863281,5.316596984863281
240,1.0,0.0,0.0,1e-04,0.8636363744735718,5.316595077514648,5.316595077514648
241,1.0,0.0,0.0,1e-04,0.8636363744735718,5.316593647003174,5.316593647003174
242,1.0,0.0,0.0,1e-04,0.8636363744735718,5.316591262817383,5.316591262817383
243,1.0,4.967053435223079e-09,4.967053435223079e-09,1e-04,0.8636363744735718,5.316589832305908,5.316589832305908
244,1.0,0.0,0.0,1e-04,0.8636363744735718,5.316591262817383,5.316591262817383
245,1.0,0.0,0.0,1e-04,0.8636363744735718,5.316588878631592,5.316588878631592
246,1.0,0.0,0.0,1e-04,0.8636363744735718,5.316587448120117,5.316587448120117
247,1.0,0.0,0.0,1e-04,0.8636363744735718,5.316585063934326,5.316585063934326
248,1.0,0.0,0.0,1e-04,0.8636363744735718,5.316583633422852,5.316583633422852
249,1.0,0.0,0.0,1e-04,0.8636363744735718,5.316584587097168,5.316584587097168
250,1.0,0.0,0.0,1e-04,0.8636363744735718,5.316583633422852,5.316583633422852
251,1.0,0.0,0.0,1e-04,0.8636363744735718,5.316582679748535,5.316582679748535
252,1.0,0.0,0.0,1e-04,0.8636363744735718,5.316582202911377,5.316582202911377
253,1.0,0.0,0.0,1e-04,0.8636363744735718,5.316581726074219,5.316581726074219
254,1.0,0.0,0.0,1e-04,0.8636363744735718,5.3165812492370605,5.3165812492370605
255,1.0,0.0,0.0,1e-04,0.8636363744735718,5.316580772399902,5.316580772399902
256,1.0,0.0,0.0,1e-04,0.8636363744735718,5.316580295562744,5.316580295562744
257,1.0,0.0,0.0,1e-04,0.8636363744735718,5.316579818725586,5.316579818725586
258,1.0,0.0,0.0,1e-04,0.8636363744735718,5.316579341888428,5.316579341888428
259,1.0,0.0,0.0,1e-04,0.8636363744735718,5.316578388214111,5.316578388214111
260,1.0,0.0,0.0,1e-04,0.8636363744735718,5.316578388214111,5.316578388214111
261,1.0,4.470345871254722e-08,4.470345871254722e-08,1e-04,0.8636363744735718,5.31657600402832,5.31657600402832
262,1.0,4.967053435223079e-09,4.967053435223079e-09,1e-04,0.8636363744735718,5.316574573516846,5.316574573516846
263,1.0,0.0,0.0,1e-04,0.8636363744735718,5.316573619842529,5.316573619842529
264,1.0,0.0,0.0,1e-04,0.8636363744735718,5.316572666168213,5.316572666168213
265,1.0,0.0,0.0,1e-04,0.8636363744735718,5.316572189331055,5.316572189331055
266,1.0,0.0,0.0,1e-04,0.8636363744735718,5.3165717124938965,5.3165717124938965
267,1.0,0.0,0.0,1e-04,0.8636363744735718,5.31657075881958,5.31657075881958
268,1.0,0.0,0.0,1e-04,0.8636363744735718,5.316570281982422,5.316570281982422
269,1.0,0.0,0.0,1e-04,0.8636363744735718,5.316569805145264,5.316569805145264
270,1.0,0.0,0.0,1e-04,0.8636363744735718,5.316568851470947,5.316568851470947
271,1.0,0.0,0.0,1e-04,0.8636363744735718,5.316568374633789,5.316568374633789
272,1.0,0.0,0.0,1e-04,0.8636363744735718,5.316567897796631,5.316567897796631
273,1.0,0.0,0.0,1e-04,0.8636363744735718,5.316567897796631,5.316567897796631
274,1.0,0.0,0.0,1e-04,0.8636363744735718,5.3165669441223145,5.3165669441223145
275,1.0,0.0,0.0,1e-04,0.8636363744735718,5.3165669441223145,5.3165669441223145
276,1.0,2.4835260958866456e-08,2.4835260958866456e-08,1e-04,0.8636363744735718,5.3165669441223145,5.3165669441223145
277,1.0,0.0,0.0,1e-04,0.8636363744735718,5.316565990447998,5.316565990447998
278,1.0,0.0,0.0,1e-04,0.8636363744735718,5.316566467285156,5.316566467285156
279,1.0,0.0,0.0,1e-04,0.8636363744735718,5.316565036773682,5.316565036773682
280,1.0,0.0,0.0,1e-04,0.8636363744735718,5.316563129425049,5.316563129425049
281,1.0,0.0,0.0,1e-04,0.8636363744735718,5.316561222076416,5.316561222076416
282,1.0,0.0,0.0,1e-04,0.8636363744735718,5.316559314727783,5.316559314727783
283,1.0,0.0,0.0,1e-04,0.8636363744735718,5.316559314727783,5.316559314727783
284,1.0,0.0,0.0,1e-04,0.8636363744735718,5.316559314727783,5.316559314727783
285,1.0,0.0,0.0,1e-04,0.8636363744735718,5.316559314727783,5.316559314727783
286,1.0,0.0,0.0,1e-04,0.8636363744735718,5.316559314727783,5.316559314727783
287,1.0,0.0,0.0,1e-04,0.8636363744735718,5.316558837890625,5.316558837890625
288,1.0,0.0,0.0,1e-04,0.8636363744735718,5.316558361053467,5.316558361053467
289,1.0,0.0,0.0,1e-04,0.8636363744735718,5.316558361053467,5.316558361053467
290,1.0,0.0,0.0,1e-04,0.8636363744735718,5.316558361053467,5.316558361053467
291,1.0,0.0,0.0,1e-04,0.8636363744735718,5.316557884216309,5.316557884216309
292,1.0,0.0,0.0,1e-04,0.8636363744735718,5.316557884216309,5.316557884216309
293,1.0,0.0,0.0,1e-04,0.8636363744735718,5.31655740737915,5.31655740737915
294,1.0,0.0,0.0,1e-04,0.8636363744735718,5.31655740737915,5.31655740737915
295,1.0,0.0,0.0,1e-04,0.8636363744735718,5.31655740737915,5.31655740737915
296,1.0,0.0,0.0,1e-04,0.8636363744735718,5.31655740737915,5.31655740737915
297,1.0,0.0,0.0,1e-04,0.8636363744735718,5.31655740737915,5.31655740737915
298,1.0,0.0,0.0,1e-04,0.8636363744735718,5.31655740737915,5.31655740737915
299,1.0,0.0,0.0,1e-04,0.8636363744735718,5.31655740737915,5.31655740737915
300,1.0,0.0,0.0,1e-04,0.8636363744735718,5.31655740737915,5.31655740737915
301,1.0,0.0,0.0,1e-04,0.8636363744735718,5.31655740737915,5.31655740737915
302,1.0,0.0,0.0,1e-04,0.8636363744735718,5.31655740737915,5.31655740737915
303,1.0,0.0,0.0,1e-04,0.8636363744735718,5.316556930541992,5.316556930541992
304,1.0,0.0,0.0,1e-04,0.8636363744735718,5.316556930541992,5.316556930541992
305,1.0,0.0,0.0,1e-04,0.8636363744735718,5.316556930541992,5.316556930541992
306,1.0,0.0,0.0,1e-04,0.8636363744735718,5.316556930541992,5.316556930541992
307,1.0,0.0,0.0,1e-04,0.8636363744735718,5.316556930541992,5.316556930541992
308,1.0,0.0,0.0,1e-04,0.8636363744735718,5.316556930541992,5.316556930541992
309,1.0,0.0,0.0,1e-04,0.8636363744735718,5.316556930541992,5.316556930541992
310,1.0,0.0,0.0,1e-04,0.8636363744735718,5.316556930541992,5.316556930541992
311,1.0,0.0,0.0,1e-04,0.8636363744735718,5.316556930541992,5.316556930541992
312,1.0,0.0,0.0,1e-04,0.8636363744735718,5.316556930541992,5.316556930541992
313,1.0,0.0,0.0,1e-04,0.8636363744735718,5.316556930541992,5.316556930541992
314,1.0,0.0,0.0,1e-04,0.8636363744735718,5.316556930541992,5.316556930541992
315,1.0,0.0,0.0,1e-04,0.8636363744735718,5.316556930541992,5.316556930541992
316,1.0,0.0,0.0,1e-04,0.8636363744735718,5.316556930541992,5.316556930541992
317,1.0,0.0,0.0,1e-04,0.8636363744735718,5.316556930541992,5.316556930541992
318,1.0,0.0,0.0,1e-04,0.8636363744735718,5.316556930541992,5.316556930541992
319,1.0,0.0,0.0,1e-04,0.8636363744735718,5.316556930541992,5.316556930541992
320,1.0,0.0,0.0,1e-04,0.8636363744735718,5.316556930541992,5.316556930541992
321,1.0,0.0,0.0,1e-04,0.8636363744735718,5.316556930541992,5.316556930541992
322,1.0,0.0,0.0,1e-04,0.8636363744735718,5.316556930541992,5.316556930541992
323,1.0,0.0,0.0,1e-04,0.8636363744735718,5.316556930541992,5.316556930541992
324,1.0,0.0,0.0,1e-04,0.8636363744735718,5.316556930541992,5.316556930541992
325,1.0,0.0,0.0,1e-04,0.8636363744735718,5.316556930541992,5.316556930541992
326,1.0,0.0,0.0,1e-04,0.8636363744735718,5.316556930541992,5.316556930541992
327,1.0,4.967053435223079e-09,4.967053435223079e-09,1e-04,0.8636363744735718,5.316556930541992,5.316556930541992
328,1.0,0.0,0.0,1e-04,0.8636363744735718,5.316556930541992,5.316556930541992
329,1.0,0.0,0.0,1e-04,0.8636363744735718,5.31655740737915,5.31655740737915
330,1.0,0.0,0.0,1e-04,0.8636363744735718,5.316556930541992,5.316556930541992
331,1.0,0.0,0.0,1e-04,0.8636363744735718,5.316556930541992,5.316556930541992
332,1.0,0.0,0.0,1e-04,0.8636363744735718,5.316556930541992,5.316556930541992
333,1.0,0.0,0.0,1e-04,0.8636363744735718,5.316556930541992,5.316556930541992
334,1.0,0.0,0.0,1e-04,0.8636363744735718,5.316556453704834,5.316556453704834
335,1.0,0.0,0.0,1e-04,0.8636363744735718,5.316556453704834,5.316556453704834
336,1.0,0.0,0.0,1e-04,0.8636363744735718,5.316556453704834,5.316556453704834
337,1.0,0.0,0.0,1e-04,0.8636363744735718,5.316556453704834,5.316556453704834
338,1.0,0.0,0.0,1e-04,0.8636363744735718,5.316556453704834,5.316556453704834
339,1.0,0.0,0.0,1e-04,0.8636363744735718,5.316556453704834,5.316556453704834
340,1.0,0.0,0.0,1e-04,0.8636363744735718,5.316556453704834,5.316556453704834
341,1.0,0.0,0.0,1e-04,0.8636363744735718,5.316556453704834,5.316556453704834
342,1.0,0.0,0.0,1e-04,0.8636363744735718,5.316556453704834,5.316556453704834
343,1.0,0.0,0.0,1e-04,0.8636363744735718,5.316556453704834,5.316556453704834
344,1.0,0.0,0.0,1e-04,0.8636363744735718,5.316556453704834,5.316556453704834
345,1.0,0.0,0.0,1e-04,0.8636363744735718,5.316556453704834,5.316556453704834
346,1.0,0.0,0.0,1e-04,0.8636363744735718,5.316556453704834,5.316556453704834
347,1.0,0.0,0.0,1e-04,0.8636363744735718,5.316556453704834,5.316556453704834
348,1.0,0.0,0.0,1e-04,0.8636363744735718,5.316556453704834,5.316556453704834
349,1.0,0.0,0.0,1e-04,0.8636363744735718,5.316556453704834,5.316556453704834
350,1.0,0.0,0.0,1e-04,0.8636363744735718,5.316556453704834,5.316556453704834
351,1.0,0.0,0.0,1e-04,0.8636363744735718,5.316556453704834,5.316556453704834
352,1.0,0.0,0.0,1e-04,0.8636363744735718,5.316556453704834,5.316556453704834
353,1.0,0.0,0.0,1e-04,0.8636363744735718,5.316556453704834,5.316556453704834
354,1.0,0.0,0.0,1e-04,0.8636363744735718,5.316556453704834,5.316556453704834
355,1.0,0.0,0.0,1e-04,0.8636363744735718,5.316556453704834,5.316556453704834
356,1.0,0.0,0.0,1e-04,0.8636363744735718,5.316556453704834,5.316556453704834
357,1.0,0.0,0.0,1e-04,0.8636363744735718,5.316556453704834,5.316556453704834
358,1.0,0.0,0.0,1e-04,0.8636363744735718,5.316556453704834,5.316556453704834
359,1.0,0.0,0.0,1e-04,0.8636363744735718,5.316556453704834,5.316556453704834
360,1.0,0.0,0.0,1e-04,0.8636363744735718,5.316556453704834,5.316556453704834
361,1.0,0.0,0.0,1e-04,0.8636363744735718,5.316556453704834,5.316556453704834
362,1.0,0.0,0.0,1e-04,0.8636363744735718,5.316556453704834,5.316556453704834
363,1.0,0.0,0.0,1e-04,0.8636363744735718,5.316556453704834,5.316556453704834
364,1.0,0.0,0.0,1e-04,0.8636363744735718,5.316556453704834,5.316556453704834
365,1.0,0.0,0.0,1e-04,0.8636363744735718,5.316556453704834,5.316556453704834
366,1.0,0.0,0.0,1e-04,0.8636363744735718,5.316556453704834,5.316556453704834
367,1.0,0.0,0.0,1e-04,0.8636363744735718,5.316556453704834,5.316556453704834
368,1.0,0.0,0.0,1e-04,0.8636363744735718,5.316556453704834,5.316556453704834
369,1.0,0.0,0.0,1e-04,0.8636363744735718,5.316556453704834,5.316556453704834
370,1.0,0.0,0.0,1e-04,0.8636363744735718,5.316556453704834,5.316556453704834
371,1.0,0.0,0.0,1e-04,0.8636363744735718,5.316556453704834,5.316556453704834
372,1.0,0.0,0.0,1e-04,0.8636363744735718,5.316556453704834,5.316556453704834
373,1.0,0.0,0.0,1e-04,0.8636363744735718,5.316556453704834,5.316556453704834
374,1.0,0.0,0.0,1e-04,0.8636363744735718,5.316556453704834,5.316556453704834
375,1.0,0.0,0.0,1e-04,0.8636363744735718,5.316556453704834,5.316556453704834
376,1.0,4.967053435223079e-09,4.967053435223079e-09,1e-04,0.8636363744735718,5.316555976867676,5.316555976867676
377,1.0,4.967053435223079e-09,4.967053435223079e-09,1e-04,0.8636363744735718,5.316555976867676,5.316555976867676
378,1.0,0.0,0.0,1e-04,0.8636363744735718,5.316555023193359,5.316555023193359
379,1.0,0.0,0.0,1e-04,0.8636363744735718,5.316555023193359,5.316555023193359
380,1.0,0.0,0.0,1e-04,0.8636363744735718,5.316555023193359,5.316555023193359
381,1.0,0.0,0.0,1e-04,0.8636363744735718,5.316554546356201,5.316554546356201
382,1.0,0.0,0.0,1e-04,0.8636363744735718,5.316554546356201,5.316554546356201
383,1.0,0.0,0.0,1e-04,0.8636363744735718,5.316554546356201,5.316554546356201
384,1.0,0.0,0.0,1e-04,0.8636363744735718,5.316554546356201,5.316554546356201
385,1.0,0.0,0.0,1e-04,0.8636363744735718,5.316554546356201,5.316554546356201
386,1.0,0.0,0.0,1e-04,0.8636363744735718,5.316554069519043,5.316554069519043
387,1.0,0.0,0.0,1e-04,0.8636363744735718,5.316554069519043,5.316554069519043
388,1.0,0.0,0.0,1e-04,0.8636363744735718,5.316554069519043,5.316554069519043
389,1.0,0.0,0.0,1e-04,0.8636363744735718,5.316554069519043,5.316554069519043
390,1.0,0.0,0.0,1e-04,0.8636363744735718,5.316554069519043,5.316554069519043
391,1.0,0.0,0.0,1e-04,0.8636363744735718,5.316554069519043,5.316554069519043
392,1.0,0.0,0.0,1e-04,0.8636363744735718,5.316554069519043,5.316554069519043
393,1.0,0.0,0.0,1e-04,0.8636363744735718,5.316553592681885,5.316553592681885
394,1.0,0.0,0.0,1e-04,0.8636363744735718,5.316553592681885,5.316553592681885
395,1.0,0.0,0.0,1e-04,0.8636363744735718,5.316553592681885,5.316553592681885
396,1.0,0.0,0.0,1e-04,0.8636363744735718,5.316553592681885,5.316553592681885
397,1.0,0.0,0.0,1e-04,0.8636363744735718,5.316553592681885,5.316553592681885
398,1.0,0.0,0.0,1e-04,0.8636363744735718,5.316553592681885,5.316553592681885
399,1.0,0.0,0.0,1e-04,0.8636363744735718,5.316553592681885,5.316553592681885
400,1.0,0.0,0.0,1e-04,0.8636363744735718,5.316553592681885,5.316553592681885
401,1.0,0.0,0.0,1e-04,0.8636363744735718,5.316553592681885,5.316553592681885
402,1.0,0.0,0.0,1e-04,0.8636363744735718,5.316553592681885,5.316553592681885
403,1.0,0.0,0.0,1e-04,0.8636363744735718,5.316553592681885,5.316553592681885
404,1.0,9.934105982267738e-09,9.934105982267738e-09,1e-04,0.8636363744735718,5.316553592681885,5.316553592681885
405,1.0,0.0,0.0,1e-04,0.8636363744735718,5.316554546356201,5.316554546356201
406,1.0,0.0,0.0,1e-04,0.8636363744735718,5.316524982452393,5.316524982452393
407,1.0,0.0,0.0,1e-04,0.8636363744735718,5.316524982452393,5.316524982452393
408,1.0,0.0,0.0,1e-04,0.8636363744735718,5.316524982452393,5.316524982452393
409,1.0,0.0,0.0,1e-04,0.8636363744735718,5.316524982452393,5.316524982452393
410,1.0,0.0,0.0,1e-04,0.8636363744735718,5.316524982452393,5.316524982452393
411,1.0,0.0,0.0,1e-04,0.8636363744735718,5.316524982452393,5.316524982452393
412,1.0,0.0,0.0,1e-04,0.8636363744735718,5.316524982452393,5.316524982452393
413,1.0,0.0,0.0,1e-04,0.8636363744735718,5.316525459289551,5.316525459289551
414,1.0,0.0,0.0,1e-04,0.8636363744735718,5.316525459289551,5.316525459289551
415,1.0,0.0,0.0,1e-04,0.8636363744735718,5.316525459289551,5.316525459289551
416,1.0,0.0,0.0,1e-04,0.8636363744735718,5.316524982452393,5.316524982452393
417,1.0,4.967053435223079e-09,4.967053435223079e-09,1e-04,0.8636363744735718,5.316524982452393,5.316524982452393
418,1.0,0.0,0.0,1e-04,0.8636363744735718,5.316524982452393,5.316524982452393
419,1.0,0.0,0.0,1e-04,0.8636363744735718,5.316524028778076,5.316524028778076
420,1.0,0.0,0.0,1e-04,0.8636363744735718,5.316524028778076,5.316524028778076
421,1.0,0.0,0.0,1e-04,0.8636363744735718,5.316524028778076,5.316524028778076
422,1.0,0.0,0.0,1e-04,0.8636363744735718,5.316524028778076,5.316524028778076
423,1.0,0.0,0.0,1e-04,0.8636363744735718,5.316524028778076,5.316524028778076
424,1.0,0.0,0.0,1e-04,0.8636363744735718,5.316524028778076,5.316524028778076
425,1.0,0.0,0.0,1e-04,0.8636363744735718,5.316524028778076,5.316524028778076
426,1.0,0.0,0.0,1e-04,0.8636363744735718,5.316524028778076,5.316524028778076
427,1.0,0.0,0.0,1e-04,0.8636363744735718,5.316524028778076,5.316524028778076
428,1.0,0.0,0.0,1e-04,0.8636363744735718,5.316524028778076,5.316524028778076
429,1.0,0.0,0.0,1e-04,0.8636363744735718,5.316524028778076,5.316524028778076
430,1.0,0.0,0.0,1e-04,0.8636363744735718,5.316524028778076,5.316524028778076
431,1.0,0.0,0.0,1e-04,0.8636363744735718,5.316524028778076,5.316524028778076
432,1.0,0.0,0.0,1e-04,0.8636363744735718,5.316524028778076,5.316524028778076
433,1.0,0.0,0.0,1e-04,0.8636363744735718,5.316523551940918,5.316523551940918
434,1.0,0.0,0.0,1e-04,0.8636363744735718,5.316523551940918,5.316523551940918
435,1.0,0.0,0.0,1e-04,0.8636363744735718,5.316523551940918,5.316523551940918
436,1.0,0.0,0.0,1e-04,0.8636363744735718,5.316524028778076,5.316524028778076
437,1.0,0.0,0.0,1e-04,0.8636363744735718,5.316524028778076,5.316524028778076
438,1.0,0.0,0.0,1e-04,0.8636363744735718,5.316524028778076,5.316524028778076
439,1.0,0.0,0.0,1e-04,0.8636363744735718,5.316524028778076,5.316524028778076
440,1.0,0.0,0.0,1e-04,0.8636363744735718,5.316524028778076,5.316524028778076
441,1.0,0.0,0.0,1e-04,0.8636363744735718,5.316524028778076,5.316524028778076
442,1.0,0.0,0.0,1e-04,0.8636363744735718,5.316524028778076,5.316524028778076
443,1.0,0.0,0.0,1e-04,0.8636363744735718,5.316524028778076,5.316524028778076
444,1.0,0.0,0.0,1e-04,0.8636363744735718,5.316524028778076,5.316524028778076
445,1.0,0.0,0.0,1e-04,0.8636363744735718,5.316524028778076,5.316524028778076
446,1.0,0.0,0.0,1e-04,0.8636363744735718,5.316524028778076,5.316524028778076
447,1.0,0.0,0.0,1e-04,0.8636363744735718,5.316524028778076,5.316524028778076
448,1.0,0.0,0.0,1e-04,0.8636363744735718,5.316524028778076,5.316524028778076
449,1.0,0.0,0.0,1e-04,0.8636363744735718,5.316524028778076,5.316524028778076
450,1.0,0.0,0.0,1e-04,0.8636363744735718,5.316524028778076,5.316524028778076
451,1.0,0.0,0.0,1e-04,0.8636363744735718,5.316524028778076,5.316524028778076
452,1.0,0.0,0.0,1e-04,0.8636363744735718,5.316524028778076,5.316524028778076
453,1.0,0.0,0.0,1e-04,0.8636363744735718,5.316524028778076,5.316524028778076
454,1.0,0.0,0.0,1e-04,0.8636363744735718,5.316524028778076,5.316524028778076
455,1.0,0.0,0.0,1e-04,0.8636363744735718,5.316524028778076,5.316524028778076
456,1.0,4.967053435223079e-09,4.967053435223079e-09,1e-04,0.8636363744735718,5.316524028778076,5.316524028778076
457,1.0,0.0,0.0,1e-04,0.8636363744735718,5.316523551940918,5.316523551940918
458,1.0,0.0,0.0,1e-04,0.8636363744735718,5.316523551940918,5.316523551940918
459,1.0,0.0,0.0,1e-04,0.8636363744735718,5.31652307510376,5.31652307510376
460,1.0,0.0,0.0,1e-04,0.8636363744735718,5.31652307510376,5.31652307510376
461,1.0,0.0,0.0,1e-04,0.8636363744735718,5.316522598266602,5.316522598266602
462,1.0,0.0,0.0,1e-04,0.8636363744735718,5.316522598266602,5.316522598266602
463,1.0,0.0,0.0,1e-04,0.8636363744735718,5.316522598266602,5.316522598266602
464,1.0,0.0,0.0,1e-04,0.8636363744735718,5.316522598266602,5.316522598266602
465,1.0,0.0,0.0,1e-04,0.8636363744735718,5.316522598266602,5.316522598266602
466,1.0,0.0,0.0,1e-04,0.8636363744735718,5.316522598266602,5.316522598266602
467,1.0,0.0,0.0,1e-04,0.8636363744735718,5.316522598266602,5.316522598266602
468,1.0,0.0,0.0,1e-04,0.8636363744735718,5.316522598266602,5.316522598266602
469,1.0,0.0,0.0,1e-04,0.8636363744735718,5.316522598266602,5.316522598266602
470,1.0,0.0,0.0,1e-04,0.8636363744735718,5.316522598266602,5.316522598266602
471,1.0,0.0,0.0,1e-04,0.8636363744735718,5.316522598266602,5.316522598266602
472,1.0,0.0,0.0,1e-04,0.8636363744735718,5.316522598266602,5.316522598266602
473,1.0,0.0,0.0,1e-04,0.8636363744735718,5.316522598266602,5.316522598266602
474,1.0,0.0,0.0,1e-04,0.8636363744735718,5.316522598266602,5.316522598266602
475,1.0,0.0,0.0,1e-04,0.8636363744735718,5.316522598266602,5.316522598266602
476,1.0,0.0,0.0,1e-04,0.8636363744735718,5.316522598266602,5.316522598266602
477,1.0,0.0,0.0,1e-04,0.8636363744735718,5.316522598266602,5.316522598266602
478,1.0,0.0,0.0,1e-04,0.8636363744735718,5.316522598266602,5.316522598266602
479,1.0,0.0,0.0,1e-04,0.8636363744735718,5.316522598266602,5.316522598266602
480,1.0,0.0,0.0,1e-04,0.8636363744735718,5.316522598266602,5.316522598266602
481,1.0,0.0,0.0,1e-04,0.8636363744735718,5.316522598266602,5.316522598266602
482,1.0,0.0,0.0,1e-04,0.8636363744735718,5.316522598266602,5.316522598266602
483,1.0,0.0,0.0,1e-04,0.8636363744735718,5.316522598266602,5.316522598266602
484,1.0,0.0,0.0,1e-04,0.8636363744735718,5.316522598266602,5.316522598266602
485,1.0,8.443982579819931e-08,8.443982579819931e-08,1e-04,0.8636363744735718,5.316518306732178,5.316518306732178
486,1.0,0.0,0.0,1e-04,0.8636363744735718,5.31651496887207,5.31651496887207
487,1.0,0.0,0.0,1e-04,0.8636363744735718,5.316512584686279,5.316512584686279
488,1.0,0.0,0.0,1e-04,0.8636363744735718,5.316511154174805,5.316511154174805
489,1.0,0.0,0.0,1e-04,0.8636363744735718,5.3165106773376465,5.3165106773376465
490,1.0,0.0,0.0,1e-04,0.8636363744735718,5.316507339477539,5.316507339477539
491,1.0,0.0,0.0,1e-04,0.8636363744735718,5.316504001617432,5.316504001617432
492,1.0,0.0,0.0,1e-04,0.8636363744735718,5.316503524780273,5.316503524780273
493,1.0,0.0,0.0,1e-04,0.8636363744735718,5.316502094268799,5.316502094268799
494,1.0,0.0,0.0,1e-04,0.8636363744735718,5.316500663757324,5.316500663757324
495,1.0,0.0,0.0,1e-04,0.8636363744735718,5.31649923324585,5.31649923324585
496,1.0,3.4769367829312614e-08,3.4769367829312614e-08,1e-04,0.8636363744735718,5.316499710083008,5.316499710083008
497,1.0,0.0,0.0,1e-04,0.8636363744735718,5.3164963722229,5.3164963722229
498,1.0,0.0,0.0,1e-04,0.8636363744735718,5.316495418548584,5.316495418548584
499,1.0,0.0,0.0,1e-04,0.8636363744735718,5.316492557525635,5.316492557525635
500,1.0,0.0,0.0,1e-04,0.8636363744735718,5.316492080688477,5.316492080688477
501,1.0,0.0,0.0,1e-04,0.8636363744735718,5.316490650177002,5.316490650177002
502,1.0,0.0,0.0,1e-04,0.8636363744735718,5.316489219665527,5.316489219665527
503,1.0,0.0,0.0,1e-04,0.8636363744735718,5.316488265991211,5.316488265991211
504,1.0,0.0,0.0,1e-04,0.8636363744735718,5.3164873123168945,5.3164873123168945
505,1.0,0.0,0.0,1e-04,0.8636363744735718,5.316486358642578,5.316486358642578
506,1.0,0.0,0.0,1e-04,0.8636363744735718,5.316486835479736,5.316486835479736
507,1.0,0.0,0.0,1e-04,0.8636363744735718,5.31648588180542,5.31648588180542
508,1.0,0.0,0.0,1e-04,0.8636363744735718,5.316483974456787,5.316483974456787
509,1.0,0.0,0.0,1e-04,0.8636363744735718,5.316483020782471,5.316483020782471
510,1.0,0.0,0.0,1e-04,0.8636363744735718,5.316483497619629,5.316483497619629
511,1.0,0.0,0.0,1e-04,0.8636363744735718,5.3164825439453125,5.3164825439453125
512,1.0,0.0,0.0,1e-04,0.8636363744735718,5.316481590270996,5.316481590270996
513,1.0,0.0,0.0,1e-04,0.8636363744735718,5.316482067108154,5.316482067108154
514,1.0,0.0,0.0,1e-04,0.8636363744735718,5.316482067108154,5.316482067108154
515,1.0,0.0,0.0,1e-04,0.8636363744735718,5.316481590270996,5.316481590270996
516,1.0,0.0,0.0,1e-04,0.8636363744735718,5.316481590270996,5.316481590270996
517,1.0,0.0,0.0,1e-04,0.8636363744735718,5.316481113433838,5.316481113433838
518,1.0,0.0,0.0,1e-04,0.8636363744735718,5.316481113433838,5.316481113433838
519,1.0,3.4769360723885256e-08,3.4769360723885256e-08,1e-04,0.8636363744735718,5.316481113433838,5.316481113433838
520,1.0,0.0,0.0,1e-04,0.8636363744735718,5.316478729248047,5.316478729248047
521,1.0,0.0,0.0,1e-04,0.8636363744735718,5.316478252410889,5.316478252410889
522,1.0,0.0,0.0,1e-04,0.8636363744735718,5.3164777755737305,5.3164777755737305
523,1.0,0.0,0.0,1e-04,0.8636363744735718,5.316477298736572,5.316477298736572
524,1.0,0.0,0.0,1e-04,0.8636363744735718,5.316476821899414,5.316476821899414
525,1.0,0.0,0.0,1e-04,0.8636363744735718,5.3164753913879395,5.3164753913879395
526,1.0,0.0,0.0,1e-04,0.8636363744735718,5.316474914550781,5.316474914550781
527,1.0,0.0,0.0,1e-04,0.8636363744735718,5.316473484039307,5.316473484039307
528,1.0,0.0,0.0,1e-04,0.8636363744735718,5.31647253036499,5.31647253036499
529,1.0,0.0,0.0,1e-04,0.8636363744735718,5.316473007202148,5.316473007202148
530,1.0,0.0,0.0,1e-04,0.8636363744735718,5.316473007202148,5.316473007202148
531,1.0,0.0,0.0,1e-04,0.8636363744735718,5.316473007202148,5.316473007202148
532,1.0,0.0,0.0,1e-04,0.8636363744735718,5.316472053527832,5.316472053527832
533,1.0,0.0,0.0,1e-04,0.8636363744735718,5.316471576690674,5.316471576690674
534,1.0,0.0,0.0,1e-04,0.8636363744735718,5.316470623016357,5.316470623016357
535,1.0,0.0,0.0,1e-04,0.8636363744735718,5.316469669342041,5.316469669342041
536,1.0,0.0,0.0,1e-04,0.8636363744735718,5.316469192504883,5.316469192504883
537,1.0,0.0,0.0,1e-04,0.8636363744735718,5.316469192504883,5.316469192504883
538,1.0,0.0,0.0,1e-04,0.8636363744735718,5.316468715667725,5.316468715667725
539,1.0,0.0,0.0,1e-04,0.8636363744735718,5.316468715667725,5.316468715667725
540,1.0,0.0,0.0,1e-04,0.8636363744735718,5.316468238830566,5.316468238830566
541,1.0,0.0,0.0,1e-04,0.8636363744735718,5.316467761993408,5.316467761993408
542,1.0,0.0,0.0,1e-04,0.8636363744735718,5.316467761993408,5.316467761993408
543,1.0,0.0,0.0,1e-04,0.8636363744735718,5.316467761993408,5.316467761993408
544,1.0,0.0,0.0,1e-04,0.8636363744735718,5.316467761993408,5.316467761993408
545,1.0,0.0,0.0,1e-04,0.8636363744735718,5.316467761993408,5.316467761993408
546,1.0,0.0,0.0,1e-04,0.8636363744735718,5.316467761993408,5.316467761993408
547,1.0,0.0,0.0,1e-04,0.8636363744735718,5.316467761993408,5.316467761993408
548,1.0,0.0,0.0,1e-04,0.8636363744735718,5.316467761993408,5.316467761993408
549,1.0,0.0,0.0,1e-04,0.8636363744735718,5.316467761993408,5.316467761993408
550,1.0,0.0,0.0,1e-04,0.8636363744735718,5.316467761993408,5.316467761993408
551,1.0,1.0927504234814478e-07,1.0927504234814478e-07,1e-04,0.8636363744735718,5.316463947296143,5.316463947296143
552,1.0,0.0,0.0,1e-04,0.8636363744735718,5.3164591789245605,5.3164591789245605
553,1.0,0.0,0.0,1e-04,0.8636363744735718,5.316455364227295,5.316455364227295
554,1.0,0.0,0.0,1e-04,0.8636363744735718,5.316451549530029,5.316451549530029
555,1.0,0.0,0.0,1e-04,0.8636363744735718,5.316447734832764,5.316447734832764
556,1.0,0.0,0.0,1e-04,0.8636363744735718,5.316446304321289,5.316446304321289
557,1.0,0.0,0.0,1e-04,0.8636363744735718,5.3164448738098145,5.3164448738098145
558,1.0,0.0,0.0,1e-04,0.8636363744735718,5.316444396972656,5.316444396972656
559,1.0,0.0,0.0,1e-04,0.8636363744735718,5.316443920135498,5.316443920135498
560,1.0,0.0,0.0,1e-04,0.8636363744735718,5.316442966461182,5.316442966461182
561,1.0,0.0,0.0,1e-04,0.8636363744735718,5.316442966461182,5.316442966461182
562,1.0,0.0,0.0,1e-04,0.8636363744735718,5.316440105438232,5.316440105438232
563,1.0,0.0,0.0,1e-04,0.8636363744735718,5.316438674926758,5.316438674926758
564,1.0,0.0,0.0,1e-04,0.8636363744735718,5.316439628601074,5.316439628601074
565,1.0,0.0,0.0,1e-04,0.8636363744735718,5.316439628601074,5.316439628601074
566,1.0,0.0,0.0,1e-04,0.8636363744735718,5.316438674926758,5.316438674926758
567,1.0,0.0,0.0,1e-04,0.8636363744735718,5.316438674926758,5.316438674926758
568,1.0,0.0,0.0,1e-04,0.8636363744735718,5.316437244415283,5.316437244415283
569,1.0,0.0,0.0,1e-04,0.8636363744735718,5.316437244415283,5.316437244415283
570,1.0,0.0,0.0,1e-04,0.8636363744735718,5.316436290740967,5.316436290740967
571,1.0,0.0,0.0,1e-04,0.8636363744735718,5.316436290740967,5.316436290740967
572,1.0,0.0,0.0,1e-04,0.8636363744735718,5.316436290740967,5.316436290740967
573,1.0,0.0,0.0,1e-04,0.8636363744735718,5.316435813903809,5.316435813903809
574,1.0,0.0,0.0,1e-04,0.8636363744735718,5.316435813903809,5.316435813903809
575,1.0,0.0,0.0,1e-04,0.8636363744735718,5.316434860229492,5.316434860229492
576,1.0,0.0,0.0,1e-04,0.8636363744735718,5.316433906555176,5.316433906555176
577,1.0,0.0,0.0,1e-04,0.8636363744735718,5.316433906555176,5.316433906555176
578,1.0,0.0,0.0,1e-04,0.8636363744735718,5.316433429718018,5.316433429718018
579,1.0,0.0,0.0,1e-04,0.8636363744735718,5.316433429718018,5.316433429718018
580,1.0,0.0,0.0,1e-04,0.8636363744735718,5.316432476043701,5.316432476043701
581,1.0,0.0,0.0,1e-04,0.8636363744735718,5.316432476043701,5.316432476043701
582,1.0,0.0,0.0,1e-04,0.8636363744735718,5.316432476043701,5.316432476043701
583,1.0,0.0,0.0,1e-04,0.8636363744735718,5.316432476043701,5.316432476043701
584,1.0,0.0,0.0,1e-04,0.8636363744735718,5.316432476043701,5.316432476043701
585,1.0,0.0,0.0,1e-04,0.8636363744735718,5.316431999206543,5.316431999206543
586,1.0,0.0,0.0,1e-04,0.8636363744735718,5.316431999206543,5.316431999206543
587,1.0,0.0,0.0,1e-04,0.8636363744735718,5.316431999206543,5.316431999206543
588,1.0,0.0,0.0,1e-04,0.8636363744735718,5.316431522369385,5.316431522369385
589,1.0,0.0,0.0,1e-04,0.8636363744735718,5.316431999206543,5.316431999206543
590,1.0,0.0,0.0,1e-04,0.8636363744735718,5.316431999206543,5.316431999206543
591,1.0,0.0,0.0,1e-04,0.8636363744735718,5.316431999206543,5.316431999206543
592,1.0,0.0,0.0,1e-04,0.8636363744735718,5.316431999206543,5.316431999206543
593,1.0,0.0,0.0,1e-04,0.8636363744735718,5.316431999206543,5.316431999206543
594,1.0,0.0,0.0,1e-04,0.8636363744735718,5.316431999206543,5.316431999206543
595,1.0,0.0,0.0,1e-04,0.8636363744735718,5.316431999206543,5.316431999206543
596,1.0,0.0,0.0,1e-04,0.8636363744735718,5.316431999206543,5.316431999206543
597,1.0,0.0,0.0,1e-04,0.8636363744735718,5.316431999206543,5.316431999206543
598,1.0,0.0,0.0,1e-04,0.8636363744735718,5.316431999206543,5.316431999206543
599,1.0,0.0,0.0,1e-04,0.8636363744735718,5.316431999206543,5.316431999206543
600,1.0,0.0,0.0,1e-04,0.8636363744735718,5.316431999206543,5.316431999206543
601,1.0,0.0,0.0,1e-04,0.8636363744735718,5.316431999206543,5.316431999206543
602,1.0,0.0,0.0,1e-04,0.8636363744735718,5.316431999206543,5.316431999206543
603,1.0,0.0,0.0,1e-04,0.8636363744735718,5.316431999206543,5.316431999206543
604,1.0,0.0,0.0,1e-04,0.8636363744735718,5.316431999206543,5.316431999206543
605,1.0,0.0,0.0,1e-04,0.8636363744735718,5.316431999206543,5.316431999206543
606,1.0,0.0,0.0,1e-04,0.8636363744735718,5.316431999206543,5.316431999206543
607,1.0,0.0,0.0,1e-04,0.8636363744735718,5.316431999206543,5.316431999206543
608,1.0,0.0,0.0,1e-04,0.8636363744735718,5.316431999206543,5.316431999206543
609,1.0,0.0,0.0,1e-04,0.8636363744735718,5.316431999206543,5.316431999206543
610,1.0,0.0,0.0,1e-04,0.8636363744735718,5.316431999206543,5.316431999206543
611,1.0,0.0,0.0,1e-04,0.8636363744735718,5.316431999206543,5.316431999206543
612,1.0,0.0,0.0,1e-04,0.8636363744735718,5.316431999206543,5.316431999206543
613,1.0,0.0,0.0,1e-04,0.8636363744735718,5.316431999206543,5.316431999206543
614,1.0,0.0,0.0,1e-04,0.8636363744735718,5.316431999206543,5.316431999206543
615,1.0,0.0,0.0,1e-04,0.8636363744735718,5.316431999206543,5.316431999206543
616,1.0,0.0,0.0,1e-04,0.8636363744735718,5.316431999206543,5.316431999206543
617,1.0,0.0,0.0,1e-04,0.8636363744735718,5.316431999206543,5.316431999206543
618,1.0,0.0,0.0,1e-04,0.8636363744735718,5.316431999206543,5.316431999206543
619,1.0,0.0,0.0,1e-04,0.8636363744735718,5.316431999206543,5.316431999206543
620,1.0,0.0,0.0,1e-04,0.8636363744735718,5.316431999206543,5.316431999206543
621,1.0,0.0,0.0,1e-04,0.8636363744735718,5.316431999206543,5.316431999206543
622,1.0,0.0,0.0,1e-04,0.8636363744735718,5.316431999206543,5.316431999206543
623,1.0,0.0,0.0,1e-04,0.8636363744735718,5.316431999206543,5.316431999206543
624,1.0,0.0,0.0,1e-04,0.8636363744735718,5.316431999206543,5.316431999206543
625,1.0,0.0,0.0,1e-04,0.8636363744735718,5.316431999206543,5.316431999206543
626,1.0,0.0,0.0,1e-04,0.8636363744735718,5.316431999206543,5.316431999206543
627,1.0,0.0,0.0,1e-04,0.8636363744735718,5.316431999206543,5.316431999206543
628,1.0,0.0,0.0,1e-04,0.8636363744735718,5.316431999206543,5.316431999206543
629,1.0,0.0,0.0,1e-04,0.8636363744735718,5.316431999206543,5.316431999206543
630,1.0,0.0,0.0,1e-04,0.8636363744735718,5.316431999206543,5.316431999206543
631,1.0,0.0,0.0,1e-04,0.8636363744735718,5.316431999206543,5.316431999206543
632,1.0,0.0,0.0,1e-04,0.8636363744735718,5.316431999206543,5.316431999206543
633,1.0,0.0,0.0,1e-04,0.8636363744735718,5.316431999206543,5.316431999206543
634,1.0,0.0,0.0,1e-04,0.8636363744735718,5.316431999206543,5.316431999206543
635,1.0,0.0,0.0,1e-04,0.8636363744735718,5.316431999206543,5.316431999206543
636,1.0,0.0,0.0,1e-04,0.8636363744735718,5.316431999206543,5.316431999206543
637,1.0,0.0,0.0,1e-04,0.8636363744735718,5.316431999206543,5.316431999206543
638,1.0,0.0,0.0,1e-04,0.8636363744735718,5.316431999206543,5.316431999206543
639,1.0,0.0,0.0,1e-04,0.8636363744735718,5.316431999206543,5.316431999206543
640,1.0,0.0,0.0,1e-04,0.8636363744735718,5.316431999206543,5.316431999206543
641,1.0,0.0,0.0,1e-04,0.8636363744735718,5.316431999206543,5.316431999206543
642,1.0,0.0,0.0,1e-04,0.8636363744735718,5.316431999206543,5.316431999206543
643,1.0,0.0,0.0,1e-04,0.8636363744735718,5.316431999206543,5.316431999206543
644,1.0,0.0,0.0,1e-04,0.8636363744735718,5.316431999206543,5.316431999206543
645,1.0,0.0,0.0,1e-04,0.8636363744735718,5.316431999206543,5.316431999206543
646,1.0,0.0,0.0,1e-04,0.8636363744735718,5.316431999206543,5.316431999206543
647,1.0,0.0,0.0,1e-04,0.8636363744735718,5.316431999206543,5.316431999206543
648,1.0,0.0,0.0,1e-04,0.8636363744735718,5.316431999206543,5.316431999206543
649,1.0,0.0,0.0,1e-04,0.8636363744735718,5.316431999206543,5.316431999206543
650,1.0,0.0,0.0,1e-04,0.8636363744735718,5.316431999206543,5.316431999206543
651,1.0,0.0,0.0,1e-04,0.8636363744735718,5.316431999206543,5.316431999206543
652,1.0,0.0,0.0,1e-04,0.8636363744735718,5.316431999206543,5.316431999206543
653,1.0,0.0,0.0,1e-04,0.8636363744735718,5.316431999206543,5.316431999206543
654,1.0,0.0,0.0,1e-04,0.8636363744735718,5.316431999206543,5.316431999206543
655,1.0,0.0,0.0,1e-04,0.8636363744735718,5.316431999206543,5.316431999206543
656,1.0,0.0,0.0,1e-04,0.8636363744735718,5.316431999206543,5.316431999206543
657,1.0,0.0,0.0,1e-04,0.8636363744735718,5.316431999206543,5.316431999206543
658,1.0,0.0,0.0,1e-04,0.8636363744735718,5.316431999206543,5.316431999206543
659,1.0,0.0,0.0,1e-04,0.8636363744735718,5.316431999206543,5.316431999206543
660,1.0,0.0,0.0,1e-04,0.8636363744735718,5.316431999206543,5.316431999206543
661,1.0,0.0,0.0,1e-04,0.8636363744735718,5.316431999206543,5.316431999206543
662,1.0,0.0,0.0,1e-04,0.8636363744735718,5.316431999206543,5.316431999206543
663,1.0,0.0,0.0,1e-04,0.8636363744735718,5.316431999206543,5.316431999206543
664,1.0,0.0,0.0,1e-04,0.8636363744735718,5.316431999206543,5.316431999206543
665,1.0,0.0,0.0,1e-04,0.8636363744735718,5.316431999206543,5.316431999206543
666,1.0,0.0,0.0,1e-04,0.8636363744735718,5.316431999206543,5.316431999206543
667,1.0,0.0,0.0,1e-04,0.8636363744735718,5.316431999206543,5.316431999206543
668,1.0,0.0,0.0,1e-04,0.8636363744735718,5.316431999206543,5.316431999206543
669,1.0,0.0,0.0,1e-04,0.8636363744735718,5.316431999206543,5.316431999206543
670,1.0,0.0,0.0,1e-04,0.8636363744735718,5.316431999206543,5.316431999206543
671,1.0,0.0,0.0,1e-04,0.8636363744735718,5.316431999206543,5.316431999206543
672,1.0,0.0,0.0,1e-04,0.8636363744735718,5.316431999206543,5.316431999206543
673,1.0,0.0,0.0,1e-04,0.8636363744735718,5.316431999206543,5.316431999206543
674,1.0,0.0,0.0,1e-04,0.8636363744735718,5.316431999206543,5.316431999206543
675,1.0,0.0,0.0,1e-04,0.8636363744735718,5.316431999206543,5.316431999206543
676,1.0,0.0,0.0,1e-04,0.8636363744735718,5.316431999206543,5.316431999206543
677,1.0,0.0,0.0,1e-04,0.8636363744735718,5.316431999206543,5.316431999206543
678,1.0,0.0,0.0,1e-04,0.8636363744735718,5.316431999206543,5.316431999206543
679,1.0,0.0,0.0,1e-04,0.8636363744735718,5.316431999206543,5.316431999206543
680,1.0,0.0,0.0,1e-04,0.8636363744735718,5.316431999206543,5.316431999206543
681,1.0,0.0,0.0,1e-04,0.8636363744735718,5.316431999206543,5.316431999206543
682,1.0,0.0,0.0,1e-04,0.8636363744735718,5.316431999206543,5.316431999206543
683,1.0,0.0,0.0,1e-04,0.8636363744735718,5.316431999206543,5.316431999206543
684,1.0,0.0,0.0,1e-04,0.8636363744735718,5.316431999206543,5.316431999206543
685,1.0,0.0,0.0,1e-04,0.8636363744735718,5.316431999206543,5.316431999206543
686,1.0,0.0,0.0,1e-04,0.8636363744735718,5.316431999206543,5.316431999206543
687,1.0,0.0,0.0,1e-04,0.8636363744735718,5.316431999206543,5.316431999206543
688,1.0,0.0,0.0,1e-04,0.8636363744735718,5.316431999206543,5.316431999206543
689,1.0,0.0,0.0,1e-04,0.8636363744735718,5.316431999206543,5.316431999206543
690,1.0,0.0,0.0,1e-04,0.8636363744735718,5.316431999206543,5.316431999206543
691,1.0,0.0,0.0,1e-04,0.8636363744735718,5.316431999206543,5.316431999206543
692,1.0,0.0,0.0,1e-04,0.8636363744735718,5.316431999206543,5.316431999206543
693,1.0,0.0,0.0,1e-04,0.8636363744735718,5.316431999206543,5.316431999206543
694,1.0,0.0,0.0,1e-04,0.8636363744735718,5.316431999206543,5.316431999206543
695,1.0,0.0,0.0,1e-04,0.8636363744735718,5.316431522369385,5.316431522369385
696,1.0,0.0,0.0,1e-04,0.8636363744735718,5.316431522369385,5.316431522369385
697,1.0,0.0,0.0,1e-04,0.8636363744735718,5.316431045532227,5.316431045532227
698,1.0,0.0,0.0,1e-04,0.8636363744735718,5.316431045532227,5.316431045532227
699,1.0,0.0,0.0,1e-04,0.8636363744735718,5.316431045532227,5.316431045532227
700,1.0,0.0,0.0,1e-04,0.8636363744735718,5.316431045532227,5.316431045532227
701,1.0,0.0,0.0,1e-04,0.8636363744735718,5.316431045532227,5.316431045532227
702,1.0,0.0,0.0,1e-04,0.8636363744735718,5.316431045532227,5.316431045532227
703,1.0,0.0,0.0,1e-04,0.8636363744735718,5.316430568695068,5.316430568695068
704,1.0,0.0,0.0,1e-04,0.8636363744735718,5.316430568695068,5.316430568695068
705,1.0,0.0,0.0,1e-04,0.8636363744735718,5.316430568695068,5.316430568695068
706,1.0,0.0,0.0,1e-04,0.8636363744735718,5.316430568695068,5.316430568695068
707,1.0,0.0,0.0,1e-04,0.8636363744735718,5.316430568695068,5.316430568695068
708,1.0,0.0,0.0,1e-04,0.8636363744735718,5.316431045532227,5.316431045532227
709,1.0,0.0,0.0,1e-04,0.8636363744735718,5.316431045532227,5.316431045532227
710,1.0,0.0,0.0,1e-04,0.8636363744735718,5.316431045532227,5.316431045532227
711,1.0,0.0,0.0,1e-04,0.8636363744735718,5.316431045532227,5.316431045532227
712,1.0,0.0,0.0,1e-04,0.8636363744735718,5.316431045532227,5.316431045532227
713,1.0,0.0,0.0,1e-04,0.8636363744735718,5.316431045532227,5.316431045532227
714,1.0,0.0,0.0,1e-04,0.8636363744735718,5.316431045532227,5.316431045532227
715,1.0,0.0,0.0,1e-04,0.8636363744735718,5.316431045532227,5.316431045532227
716,1.0,0.0,0.0,1e-04,0.8636363744735718,5.316430568695068,5.316430568695068
717,1.0,0.0,0.0,1e-04,0.8636363744735718,5.31643009185791,5.31643009185791
718,1.0,0.0,0.0,1e-04,0.8636363744735718,5.31643009185791,5.31643009185791
719,1.0,0.0,0.0,1e-04,0.8636363744735718,5.31643009185791,5.31643009185791
720,1.0,0.0,0.0,1e-04,0.8636363744735718,5.31643009185791,5.31643009185791
721,1.0,0.0,0.0,1e-04,0.8636363744735718,5.316429615020752,5.316429615020752
722,1.0,0.0,0.0,1e-04,0.8636363744735718,5.316429615020752,5.316429615020752
723,1.0,0.0,0.0,1e-04,0.8636363744735718,5.316429615020752,5.316429615020752
724,1.0,0.0,0.0,1e-04,0.8636363744735718,5.316429615020752,5.316429615020752
725,1.0,0.0,0.0,1e-04,0.8636363744735718,5.316429615020752,5.316429615020752
726,1.0,0.0,0.0,1e-04,0.8636363744735718,5.316429615020752,5.316429615020752
727,1.0,0.0,0.0,1e-04,0.8636363744735718,5.316429615020752,5.316429615020752
728,1.0,0.0,0.0,1e-04,0.8636363744735718,5.316429615020752,5.316429615020752
729,1.0,0.0,0.0,1e-04,0.8636363744735718,5.316429615020752,5.316429615020752
730,1.0,0.0,0.0,1e-04,0.8636363744735718,5.316429615020752,5.316429615020752
731,1.0,0.0,0.0,1e-04,0.8636363744735718,5.316429615020752,5.316429615020752
732,1.0,0.0,0.0,1e-04,0.8636363744735718,5.316429615020752,5.316429615020752
733,1.0,0.0,0.0,1e-04,0.8636363744735718,5.316429615020752,5.316429615020752
734,1.0,0.0,0.0,1e-04,0.8636363744735718,5.316429615020752,5.316429615020752
735,1.0,0.0,0.0,1e-04,0.8636363744735718,5.316429615020752,5.316429615020752
736,1.0,0.0,0.0,1e-04,0.8636363744735718,5.316429615020752,5.316429615020752
737,1.0,0.0,0.0,1e-04,0.8636363744735718,5.316429615020752,5.316429615020752
738,1.0,0.0,0.0,1e-04,0.8636363744735718,5.316429615020752,5.316429615020752
739,1.0,0.0,0.0,1e-04,0.8636363744735718,5.316429615020752,5.316429615020752
740,1.0,0.0,0.0,1e-04,0.8636363744735718,5.316429615020752,5.316429615020752
741,1.0,0.0,0.0,1e-04,0.8636363744735718,5.316429615020752,5.316429615020752
742,1.0,0.0,0.0,1e-04,0.8636363744735718,5.316429615020752,5.316429615020752
743,1.0,0.0,0.0,1e-04,0.8636363744735718,5.3164286613464355,5.3164286613464355
744,1.0,0.0,0.0,1e-04,0.8636363744735718,5.3164286613464355,5.3164286613464355
745,1.0,0.0,0.0,1e-04,0.8636363744735718,5.3164286613464355,5.3164286613464355
746,1.0,0.0,0.0,1e-04,0.8636363744735718,5.3164286613464355,5.3164286613464355
747,1.0,0.0,0.0,1e-04,0.8636363744735718,5.3164286613464355,5.3164286613464355
748,1.0,0.0,0.0,1e-04,0.8636363744735718,5.3164286613464355,5.3164286613464355
749,1.0,0.0,0.0,1e-04,0.8636363744735718,5.3164286613464355,5.3164286613464355
750,1.0,0.0,0.0,1e-04,0.8636363744735718,5.3164286613464355,5.3164286613464355
751,1.0,0.0,0.0,1e-04,0.8636363744735718,5.3164286613464355,5.3164286613464355
752,1.0,0.0,0.0,1e-04,0.8636363744735718,5.3164286613464355,5.3164286613464355
753,1.0,0.0,0.0,1e-04,0.8636363744735718,5.3164286613464355,5.3164286613464355
754,1.0,0.0,0.0,1e-04,0.8636363744735718,5.3164286613464355,5.3164286613464355
755,1.0,0.0,0.0,1e-04,0.8636363744735718,5.3164286613464355,5.3164286613464355
756,1.0,0.0,0.0,1e-04,0.8636363744735718,5.3164286613464355,5.3164286613464355
757,1.0,0.0,0.0,1e-04,0.8636363744735718,5.3164286613464355,5.3164286613464355
758,1.0,0.0,0.0,1e-04,0.8636363744735718,5.3164286613464355,5.3164286613464355
759,1.0,0.0,0.0,1e-04,0.8636363744735718,5.3164286613464355,5.3164286613464355
760,1.0,0.0,0.0,1e-04,0.8636363744735718,5.3164286613464355,5.3164286613464355
761,1.0,0.0,0.0,1e-04,0.8636363744735718,5.3164286613464355,5.3164286613464355
762,1.0,0.0,0.0,1e-04,0.8636363744735718,5.3164286613464355,5.3164286613464355
763,1.0,0.0,0.0,1e-04,0.8636363744735718,5.3164286613464355,5.3164286613464355
764,1.0,0.0,0.0,1e-04,0.8636363744735718,5.3164286613464355,5.3164286613464355
765,1.0,4.967053435223079e-09,4.967053435223079e-09,1e-04,0.8636363744735718,5.3164286613464355,5.3164286613464355
766,1.0,0.0,0.0,1e-04,0.8636363744735718,5.3164286613464355,5.3164286613464355
767,1.0,0.0,0.0,1e-04,0.8636363744735718,5.316428184509277,5.316428184509277
768,1.0,0.0,0.0,1e-04,0.8636363744735718,5.3164286613464355,5.3164286613464355
769,1.0,0.0,0.0,1e-04,0.8636363744735718,5.316427707672119,5.316427707672119
770,1.0,0.0,0.0,1e-04,0.8636363744735718,5.316427707672119,5.316427707672119
771,1.0,0.0,0.0,1e-04,0.8636363744735718,5.316427707672119,5.316427707672119
772,1.0,0.0,0.0,1e-04,0.8636363744735718,5.316427707672119,5.316427707672119
773,1.0,0.0,0.0,1e-04,0.8636363744735718,5.316427707672119,5.316427707672119
774,1.0,0.0,0.0,1e-04,0.8636363744735718,5.316427707672119,5.316427707672119
775,1.0,0.0,0.0,1e-04,0.8636363744735718,5.316427707672119,5.316427707672119
776,1.0,0.0,0.0,1e-04,0.8636363744735718,5.316427707672119,5.316427707672119
777,1.0,0.0,0.0,1e-04,0.8636363744735718,5.316427707672119,5.316427707672119
778,1.0,0.0,0.0,1e-04,0.8636363744735718,5.316427707672119,5.316427707672119
779,1.0,0.0,0.0,1e-04,0.8636363744735718,5.316427707672119,5.316427707672119
780,1.0,0.0,0.0,1e-04,0.8636363744735718,5.316427230834961,5.316427230834961
781,1.0,9.934095857033753e-08,9.934095857033753e-08,1e-04,0.8636363744735718,5.316420555114746,5.316420555114746
782,1.0,0.0,0.0,1e-04,0.8636363744735718,5.316423416137695,5.316423416137695
783,1.0,0.0,0.0,1e-04,0.8636363744735718,5.316418647766113,5.316418647766113
784,1.0,0.0,0.0,1e-04,0.8636363744735718,5.316415786743164,5.316415786743164
785,1.0,0.0,0.0,1e-04,0.8636363744735718,5.316413402557373,5.316413402557373
786,1.0,0.0,0.0,1e-04,0.8636363744735718,5.316409587860107,5.316409587860107
787,1.0,0.0,0.0,1e-04,0.8636363744735718,5.316407203674316,5.316407203674316
788,1.0,0.0,0.0,1e-04,0.8636363744735718,5.316406726837158,5.316406726837158
789,1.0,0.0,0.0,1e-04,0.8636363744735718,5.316403388977051,5.316403388977051
790,1.0,0.0,0.0,1e-04,0.8636363744735718,5.316400051116943,5.316400051116943
791,1.0,0.0,0.0,1e-04,0.8636363744735718,5.3163981437683105,5.3163981437683105
792,1.0,0.0,0.0,1e-04,0.8636363744735718,5.316395282745361,5.316395282745361
793,1.0,0.0,0.0,1e-04,0.8636363744735718,5.316393852233887,5.316393852233887
794,1.0,0.0,0.0,1e-04,0.8636363744735718,5.316391944885254,5.316391944885254
795,1.0,0.0,0.0,1e-04,0.8636363744735718,5.3163909912109375,5.3163909912109375
796,1.0,0.0,0.0,1e-04,0.8636363744735718,5.316390514373779,5.316390514373779
797,1.0,0.0,0.0,1e-04,0.8636363744735718,5.316389083862305,5.316389083862305
798,1.0,0.0,0.0,1e-04,0.8636363744735718,5.316390037536621,5.316390037536621
799,1.0,0.0,0.0,1e-04,0.8636363744735718,5.316389083862305,5.316389083862305
800,1.0,0.0,0.0,1e-04,0.8636363744735718,5.316388130187988,5.316388130187988
801,1.0,0.0,0.0,1e-04,0.8636363744735718,5.316384792327881,5.316384792327881
802,1.0,0.0,0.0,1e-04,0.8636363744735718,5.3163838386535645,5.3163838386535645
803,1.0,0.0,0.0,1e-04,0.8636363744735718,5.316384315490723,5.316384315490723
804,1.0,0.0,0.0,1e-04,0.8636363744735718,5.3163838386535645,5.3163838386535645
805,1.0,0.0,0.0,1e-04,0.8636363744735718,5.3163838386535645,5.3163838386535645
806,1.0,0.0,0.0,1e-04,0.8636363744735718,5.316383361816406,5.316383361816406
807,1.0,0.0,0.0,1e-04,0.8636363744735718,5.3163838386535645,5.3163838386535645
808,1.0,0.0,0.0,1e-04,0.8636363744735718,5.316382884979248,5.316382884979248
809,1.0,0.0,0.0,1e-04,0.8636363744735718,5.316382884979248,5.316382884979248
810,1.0,0.0,0.0,1e-04,0.8636363744735718,5.316382884979248,5.316382884979248
811,1.0,0.0,0.0,1e-04,0.8636363744735718,5.316381454467773,5.316381454467773
812,1.0,0.0,0.0,1e-04,0.8636363744735718,5.316381454467773,5.316381454467773
813,1.0,0.0,0.0,1e-04,0.8636363744735718,5.316381454467773,5.316381454467773
814,1.0,0.0,0.0,1e-04,0.8636363744735718,5.316381454467773,5.316381454467773
815,1.0,4.967053435223079e-09,4.967053435223079e-09,1e-04,0.8636363744735718,5.316380977630615,5.316380977630615
816,1.0,0.0,0.0,1e-04,0.8636363744735718,5.316380023956299,5.316380023956299
817,1.0,0.0,0.0,1e-04,0.8636363744735718,5.316380023956299,5.316380023956299
818,1.0,0.0,0.0,1e-04,0.8636363744735718,5.316379547119141,5.316379547119141
819,1.0,0.0,0.0,1e-04,0.8636363744735718,5.316379547119141,5.316379547119141
820,1.0,0.0,0.0,1e-04,0.8636363744735718,5.316379070281982,5.316379070281982
821,1.0,0.0,0.0,1e-04,0.8636363744735718,5.316379070281982,5.316379070281982
822,1.0,0.0,0.0,1e-04,0.8636363744735718,5.316379070281982,5.316379070281982
823,1.0,0.0,0.0,1e-04,0.8636363744735718,5.316379070281982,5.316379070281982
824,1.0,0.0,0.0,1e-04,0.8636363744735718,5.316380023956299,5.316380023956299
825,1.0,0.0,0.0,1e-04,0.8636363744735718,5.316379070281982,5.316379070281982
826,1.0,0.0,0.0,1e-04,0.8636363744735718,5.316379070281982,5.316379070281982
827,1.0,0.0,0.0,1e-04,0.8636363744735718,5.316379070281982,5.316379070281982
828,1.0,0.0,0.0,1e-04,0.8636363744735718,5.316379070281982,5.316379070281982
829,1.0,0.0,0.0,1e-04,0.8636363744735718,5.316379070281982,5.316379070281982
830,1.0,0.0,0.0,1e-04,0.8636363744735718,5.316379070281982,5.316379070281982
831,1.0,0.0,0.0,1e-04,0.8636363744735718,5.316379070281982,5.316379070281982
832,1.0,0.0,0.0,1e-04,0.8636363744735718,5.316379070281982,5.316379070281982
833,1.0,0.0,0.0,1e-04,0.8636363744735718,5.316379070281982,5.316379070281982
834,1.0,0.0,0.0,1e-04,0.8636363744735718,5.316379070281982,5.316379070281982
835,1.0,0.0,0.0,1e-04,0.8636363744735718,5.316379070281982,5.316379070281982
836,1.0,0.0,0.0,1e-04,0.8636363744735718,5.316379070281982,5.316379070281982
837,1.0,0.0,0.0,1e-04,0.8636363744735718,5.316379070281982,5.316379070281982
838,1.0,0.0,0.0,1e-04,0.8636363744735718,5.316379070281982,5.316379070281982
839,1.0,0.0,0.0,1e-04,0.8636363744735718,5.316379070281982,5.316379070281982
840,1.0,0.0,0.0,1e-04,0.8636363744735718,5.316379070281982,5.316379070281982
841,1.0,0.0,0.0,1e-04,0.8636363744735718,5.316379070281982,5.316379070281982
842,1.0,0.0,0.0,1e-04,0.8636363744735718,5.316379070281982,5.316379070281982
843,1.0,0.0,0.0,1e-04,0.8636363744735718,5.316379070281982,5.316379070281982
844,1.0,0.0,0.0,1e-04,0.8636363744735718,5.316379070281982,5.316379070281982
845,1.0,0.0,0.0,1e-04,0.8636363744735718,5.316379070281982,5.316379070281982
846,1.0,0.0,0.0,1e-04,0.8636363744735718,5.316379070281982,5.316379070281982
847,1.0,0.0,0.0,1e-04,0.8636363744735718,5.316379070281982,5.316379070281982
848,1.0,0.0,0.0,1e-04,0.8636363744735718,5.316379070281982,5.316379070281982
849,1.0,0.0,0.0,1e-04,0.8636363744735718,5.316379070281982,5.316379070281982
850,1.0,0.0,0.0,1e-04,0.8636363744735718,5.316379070281982,5.316379070281982
851,1.0,0.0,0.0,1e-04,0.8636363744735718,5.316379070281982,5.316379070281982
852,1.0,0.0,0.0,1e-04,0.8636363744735718,5.316379070281982,5.316379070281982
853,1.0,0.0,0.0,1e-04,0.8636363744735718,5.316379070281982,5.316379070281982
854,1.0,0.0,0.0,1e-04,0.8636363744735718,5.316378593444824,5.316378593444824
855,1.0,0.0,0.0,1e-04,0.8636363744735718,5.316378593444824,5.316378593444824
856,1.0,0.0,0.0,1e-04,0.8636363744735718,5.316378593444824,5.316378593444824
857,1.0,0.0,0.0,1e-04,0.8636363744735718,5.316378593444824,5.316378593444824
858,1.0,0.0,0.0,1e-04,0.8636363744735718,5.316378593444824,5.316378593444824
859,1.0,0.0,0.0,1e-04,0.8636363744735718,5.316378593444824,5.316378593444824
860,1.0,0.0,0.0,1e-04,0.8636363744735718,5.316378593444824,5.316378593444824
861,1.0,0.0,0.0,1e-04,0.8636363744735718,5.316378593444824,5.316378593444824
862,1.0,0.0,0.0,1e-04,0.8636363744735718,5.316378593444824,5.316378593444824
863,1.0,0.0,0.0,1e-04,0.8636363744735718,5.316378593444824,5.316378593444824
864,1.0,0.0,0.0,1e-04,0.8636363744735718,5.316378593444824,5.316378593444824
865,1.0,0.0,0.0,1e-04,0.8636363744735718,5.316378593444824,5.316378593444824
866,1.0,0.0,0.0,1e-04,0.8636363744735718,5.316378593444824,5.316378593444824
867,1.0,0.0,0.0,1e-04,0.8636363744735718,5.316378593444824,5.316378593444824
868,1.0,0.0,0.0,1e-04,0.8636363744735718,5.316378593444824,5.316378593444824
869,1.0,4.967053435223079e-09,4.967053435223079e-09,1e-04,0.8636363744735718,5.316378593444824,5.316378593444824
870,1.0,0.0,0.0,1e-04,0.8636363744735718,5.316378593444824,5.316378593444824
871,1.0,0.0,0.0,1e-04,0.8636363744735718,5.316378593444824,5.316378593444824
872,1.0,0.0,0.0,1e-04,0.8636363744735718,5.316378116607666,5.316378116607666
873,1.0,0.0,0.0,1e-04,0.8636363744735718,5.316377639770508,5.316377639770508
874,1.0,0.0,0.0,1e-04,0.8636363744735718,5.31637716293335,5.31637716293335
875,1.0,0.0,0.0,1e-04,0.8636363744735718,5.31637716293335,5.31637716293335
876,1.0,0.0,0.0,1e-04,0.8636363744735718,5.31637716293335,5.31637716293335
877,1.0,0.0,0.0,1e-04,0.8636363744735718,5.31637716293335,5.31637716293335
878,1.0,0.0,0.0,1e-04,0.8636363744735718,5.31637716293335,5.31637716293335
879,1.0,0.0,0.0,1e-04,0.8636363744735718,5.31637716293335,5.31637716293335
880,1.0,0.0,0.0,1e-04,0.8636363744735718,5.31637716293335,5.31637716293335
881,1.0,0.0,0.0,1e-04,0.8636363744735718,5.31637716293335,5.31637716293335
882,1.0,0.0,0.0,1e-04,0.8636363744735718,5.31637716293335,5.31637716293335
883,1.0,0.0,0.0,1e-04,0.8636363744735718,5.31637716293335,5.31637716293335
884,1.0,0.0,0.0,1e-04,0.8636363744735718,5.31637716293335,5.31637716293335
885,1.0,0.0,0.0,1e-04,0.8636363744735718,5.31637716293335,5.31637716293335
886,1.0,0.0,0.0,1e-04,0.8636363744735718,5.31637716293335,5.31637716293335
887,1.0,0.0,0.0,1e-04,0.8636363744735718,5.31637716293335,5.31637716293335
888,1.0,0.0,0.0,1e-04,0.8636363744735718,5.316376209259033,5.316376209259033
889,1.0,0.0,0.0,1e-04,0.8636363744735718,5.316376209259033,5.316376209259033
890,1.0,0.0,0.0,1e-04,0.8636363744735718,5.316376209259033,5.316376209259033
891,1.0,0.0,0.0,1e-04,0.8636363744735718,5.316376209259033,5.316376209259033
892,1.0,0.0,0.0,1e-04,0.8636363744735718,5.316376209259033,5.316376209259033
893,1.0,0.0,0.0,1e-04,0.8636363744735718,5.316376209259033,5.316376209259033
894,1.0,0.0,0.0,1e-04,0.8636363744735718,5.316376209259033,5.316376209259033
895,1.0,0.0,0.0,1e-04,0.8636363744735718,5.316376209259033,5.316376209259033
896,1.0,0.0,0.0,1e-04,0.8636363744735718,5.316376209259033,5.316376209259033
897,1.0,0.0,0.0,1e-04,0.8636363744735718,5.316376209259033,5.316376209259033
898,1.0,0.0,0.0,1e-04,0.8636363744735718,5.316376209259033,5.316376209259033
899,1.0,0.0,0.0,1e-04,0.8636363744735718,5.316376209259033,5.316376209259033
900,1.0,0.0,0.0,1e-04,0.8636363744735718,5.316376209259033,5.316376209259033
901,1.0,0.0,0.0,1e-04,0.8636363744735718,5.316376209259033,5.316376209259033
902,1.0,0.0,0.0,1e-04,0.8636363744735718,5.316376209259033,5.316376209259033
903,1.0,0.0,0.0,1e-04,0.8636363744735718,5.316376209259033,5.316376209259033
904,1.0,0.0,0.0,1e-04,0.8636363744735718,5.316376209259033,5.316376209259033
905,1.0,0.0,0.0,1e-04,0.8636363744735718,5.316376209259033,5.316376209259033
906,1.0,0.0,0.0,1e-04,0.8636363744735718,5.316376209259033,5.316376209259033
907,1.0,0.0,0.0,1e-04,0.8636363744735718,5.316376209259033,5.316376209259033
908,1.0,0.0,0.0,1e-04,0.8636363744735718,5.316376209259033,5.316376209259033
909,1.0,0.0,0.0,1e-04,0.8636363744735718,5.316376209259033,5.316376209259033
910,1.0,0.0,0.0,1e-04,0.8636363744735718,5.316376209259033,5.316376209259033
911,1.0,0.0,0.0,1e-04,0.8636363744735718,5.316376209259033,5.316376209259033
912,1.0,0.0,0.0,1e-04,0.8636363744735718,5.316376209259033,5.316376209259033
913,1.0,0.0,0.0,1e-04,0.8636363744735718,5.316376209259033,5.316376209259033
914,1.0,0.0,0.0,1e-04,0.8636363744735718,5.316376209259033,5.316376209259033
915,1.0,0.0,0.0,1e-04,0.8636363744735718,5.316376209259033,5.316376209259033
916,1.0,0.0,0.0,1e-04,0.8636363744735718,5.316376209259033,5.316376209259033
917,1.0,0.0,0.0,1e-04,0.8636363744735718,5.316376209259033,5.316376209259033
918,1.0,0.0,0.0,1e-04,0.8636363744735718,5.316376209259033,5.316376209259033
919,1.0,0.0,0.0,1e-04,0.8636363744735718,5.316376209259033,5.316376209259033
920,1.0,0.0,0.0,1e-04,0.8636363744735718,5.316376209259033,5.316376209259033
921,1.0,0.0,0.0,1e-04,0.8636363744735718,5.316376209259033,5.316376209259033
922,1.0,0.0,0.0,1e-04,0.8636363744735718,5.316376209259033,5.316376209259033
923,1.0,0.0,0.0,1e-04,0.8636363744735718,5.316376209259033,5.316376209259033
924,1.0,0.0,0.0,1e-04,0.8636363744735718,5.316376209259033,5.316376209259033
925,1.0,0.0,0.0,1e-04,0.8636363744735718,5.316376209259033,5.316376209259033
926,1.0,0.0,0.0,1e-04,0.8636363744735718,5.316376209259033,5.316376209259033
927,1.0,0.0,0.0,1e-04,0.8636363744735718,5.316376209259033,5.316376209259033
928,1.0,0.0,0.0,1e-04,0.8636363744735718,5.316376209259033,5.316376209259033
929,1.0,0.0,0.0,1e-04,0.8636363744735718,5.316376209259033,5.316376209259033
930,1.0,0.0,0.0,1e-04,0.8636363744735718,5.316376209259033,5.316376209259033
931,1.0,0.0,0.0,1e-04,0.8636363744735718,5.316376209259033,5.316376209259033
932,1.0,0.0,0.0,1e-04,0.8636363744735718,5.316376209259033,5.316376209259033
933,1.0,0.0,0.0,1e-04,0.8636363744735718,5.316376209259033,5.316376209259033
934,1.0,0.0,0.0,1e-04,0.8636363744735718,5.316376209259033,5.316376209259033
935,1.0,0.0,0.0,1e-04,0.8636363744735718,5.316376209259033,5.316376209259033
936,1.0,0.0,0.0,1e-04,0.8636363744735718,5.316376209259033,5.316376209259033
937,1.0,0.0,0.0,1e-04,0.8636363744735718,5.316376209259033,5.316376209259033
938,1.0,0.0,0.0,1e-04,0.8636363744735718,5.316376209259033,5.316376209259033
939,1.0,0.0,0.0,1e-04,0.8636363744735718,5.316376209259033,5.316376209259033
940,1.0,0.0,0.0,1e-04,0.8636363744735718,5.316376209259033,5.316376209259033
941,1.0,0.0,0.0,1e-04,0.8636363744735718,5.316376209259033,5.316376209259033
942,1.0,0.0,0.0,1e-04,0.8636363744735718,5.316376209259033,5.316376209259033
943,1.0,0.0,0.0,1e-04,0.8636363744735718,5.316376209259033,5.316376209259033
944,1.0,0.0,0.0,1e-04,0.8636363744735718,5.316376209259033,5.316376209259033
945,1.0,0.0,0.0,1e-04,0.8636363744735718,5.316376209259033,5.316376209259033
946,1.0,0.0,0.0,1e-04,0.8636363744735718,5.316376209259033,5.316376209259033
947,1.0,0.0,0.0,1e-04,0.8636363744735718,5.316376209259033,5.316376209259033
948,1.0,0.0,0.0,1e-04,0.8636363744735718,5.316376209259033,5.316376209259033
949,1.0,0.0,0.0,1e-04,0.8636363744735718,5.316376209259033,5.316376209259033
950,1.0,0.0,0.0,1e-04,0.8636363744735718,5.316376209259033,5.316376209259033
951,1.0,0.0,0.0,1e-04,0.8636363744735718,5.316376209259033,5.316376209259033
952,1.0,0.0,0.0,1e-04,0.8636363744735718,5.316376209259033,5.316376209259033
953,1.0,0.0,0.0,1e-04,0.8636363744735718,5.316376209259033,5.316376209259033
954,1.0,0.0,0.0,1e-04,0.8636363744735718,5.316376209259033,5.316376209259033
955,1.0,0.0,0.0,1e-04,0.8636363744735718,5.316376209259033,5.316376209259033
956,1.0,0.0,0.0,1e-04,0.8636363744735718,5.316376209259033,5.316376209259033
957,1.0,0.0,0.0,1e-04,0.8636363744735718,5.316376209259033,5.316376209259033
958,1.0,0.0,0.0,1e-04,0.8636363744735718,5.316376209259033,5.316376209259033
959,1.0,3.973640971821624e-08,3.973640971821624e-08,1e-04,0.8636363744735718,5.316373348236084,5.316373348236084
960,1.0,0.0,0.0,1e-04,0.8636363744735718,5.316370010375977,5.316370010375977
961,1.0,0.0,0.0,1e-04,0.8636363744735718,5.3163676261901855,5.3163676261901855
962,1.0,0.0,0.0,1e-04,0.8636363744735718,5.316364765167236,5.316364765167236
963,1.0,0.0,0.0,1e-04,0.8636363744735718,5.31636381149292,5.31636381149292
964,1.0,0.0,0.0,1e-04,0.8636363744735718,5.316362380981445,5.316362380981445
965,1.0,0.0,0.0,1e-04,0.8636363744735718,5.316360950469971,5.316360950469971
966,1.0,0.0,0.0,1e-04,0.8636363744735718,5.316361904144287,5.316361904144287
967,1.0,0.0,0.0,1e-04,0.8636363744735718,5.316360950469971,5.316360950469971
968,1.0,0.0,0.0,1e-04,0.8636363744735718,5.316359519958496,5.316359519958496
969,1.0,0.0,0.0,1e-04,0.8636363744735718,5.316357612609863,5.316357612609863
970,1.0,0.0,0.0,1e-04,0.8636363744735718,5.316357135772705,5.316357135772705
971,1.0,0.0,0.0,1e-04,0.8636363744735718,5.316356182098389,5.316356182098389
972,1.0,0.0,0.0,1e-04,0.8636363744735718,5.316355228424072,5.316355228424072
973,1.0,0.0,0.0,1e-04,0.8636363744735718,5.316351413726807,5.316351413726807
974,1.0,0.0,0.0,1e-04,0.8636363744735718,5.316351413726807,5.316351413726807
975,1.0,0.0,0.0,1e-04,0.8636363744735718,5.316352367401123,5.316352367401123
976,1.0,0.0,0.0,1e-04,0.8636363744735718,5.316352367401123,5.316352367401123
977,1.0,0.0,0.0,1e-04,0.8636363744735718,5.316351413726807,5.316351413726807
978,1.0,0.0,0.0,1e-04,0.8636363744735718,5.316351413726807,5.316351413726807
979,1.0,0.0,0.0,1e-04,0.8636363744735718,5.316351413726807,5.316351413726807
980,1.0,0.0,0.0,1e-04,0.8636363744735718,5.316350936889648,5.316350936889648
981,1.0,0.0,0.0,1e-04,0.8636363744735718,5.316350936889648,5.316350936889648
982,1.0,0.0,0.0,1e-04,0.8636363744735718,5.316350936889648,5.316350936889648
983,1.0,0.0,0.0,1e-04,0.8636363744735718,5.316350936889648,5.316350936889648
984,1.0,0.0,0.0,1e-04,0.8636363744735718,5.31635046005249,5.31635046005249
985,1.0,0.0,0.0,1e-04,0.8636363744735718,5.316349983215332,5.316349983215332
986,1.0,0.0,0.0,1e-04,0.8636363744735718,5.316349983215332,5.316349983215332
987,1.0,0.0,0.0,1e-04,0.8636363744735718,5.316349983215332,5.316349983215332
988,1.0,0.0,0.0,1e-04,0.8636363744735718,5.316349983215332,5.316349983215332
989,1.0,0.0,0.0,1e-04,0.8636363744735718,5.316349983215332,5.316349983215332
990,1.0,0.0,0.0,1e-04,0.8636363744735718,5.316349506378174,5.316349506378174
991,1.0,0.0,0.0,1e-04,0.8636363744735718,5.316349506378174,5.316349506378174
992,1.0,0.0,0.0,1e-04,0.8636363744735718,5.316349506378174,5.316349506378174
993,1.0,0.0,0.0,1e-04,0.8636363744735718,5.316349029541016,5.316349029541016
994,1.0,0.0,0.0,1e-04,0.8636363744735718,5.316349029541016,5.316349029541016
995,1.0,0.0,0.0,1e-04,0.8636363744735718,5.316349029541016,5.316349029541016
996,1.0,0.0,0.0,1e-04,0.8636363744735718,5.316349029541016,5.316349029541016
997,1.0,0.0,0.0,1e-04,0.8636363744735718,5.316349029541016,5.316349029541016
998,1.0,0.0,0.0,1e-04,0.8636363744735718,5.316349029541016,5.316349029541016
999,1.0,4.967053435223079e-09,4.967053435223079e-09,1e-04,0.8636363744735718,5.316349506378174,5.316349506378174
